key,ca,eu,gl,es,pt,fr,it,en,de
admin_access_detail,Detall recent,Azken xehetasunak,Pormenores recentes,Detalle reciente,Detalhes recentes,Détail récent,Dettagli recenti,Recent detail,Neueste Details
admin_access_empty,Encara no hi ha intents registrats.,Ez dago saiakerarik erregistratuta oraindik.,Aínda non hai intentos rexistrados.,Aún no hay intentos registrados.,Ainda sem tentativas registadas.,Aucune tentative enregistrée.,Ancora nessun tentativo registrato.,No attempts logged yet.,Noch keine Versuche protokolliert.
admin_access_error,error,akatsa,erro,error,erro,erreur,errore,error,Fehler
admin_access_fail,error,akatsa,Fracaso,error,falha,échec,fallimento,fail,Fehl
admin_access_fails,Errors,Akatsak,Fallas,Errores,Falhas,Échecs,Fallimenti,Fails,Fehlversuche
admin_access_heading,Intents d’accés a operador,Operadorearen sarbide saiakerak,Tentativas de acceso de operadores,Intentos de acceso a operador,Tentativas de acesso do operador,Tentatives d'accès opérateur,Tentativi di accesso operatore,Operator access attempts,Betreiber-Zugangsversuche
admin_access_intro,"Qui ha provat d’entrar (per adreça IP) i quants cops. Després de 5 errors, es bloqueja 30 minuts.","Nork saiatu da saioa hasten (IP helbidearen bidez) eta zenbat aldiz. 5 saiakera huts egin ondoren, kontua 30 minutuz blokeatuta dago.","Quen intentou iniciar sesión (por IP) e cantas veces. Despois de 5 fallos, bloqueado durante 30 minutos.","Quién ha intentado entrar (por dirección IP) y cuántas veces. Tras 5 errores, se bloquea 30 minutos.","Quem tentou entrar (por IP) e quantas vezes. Após 5 falhas, bloqueado por 30 minutos.","Qui a essayé de se connecter (par IP) et combien de fois. Après 5 échecs, verrouillé 30 minutes.","Chi ha tentato l'accesso (per IP) e quante volte. Dopo 5 fallimenti, bloccato per 30 minuti.","Who tried to sign in (by IP) and how many times. After 5 failures, locked for 30 minutes.","Wer versucht hat, sich anzumelden (nach IP) und wie oft. Nach 5 Fehlversuchen, 30 Minuten gesperrt."
admin_access_ip,IP,IP,IP,IP,IP,IP,IP,IP,IP
admin_access_ip_th,IP,IP,IP,IP,IP,IP,IP,IP,IP
admin_access_last,Darrer intent,Azken saiakera,Último intento,Último intento,Última tentativa,Dernière tentative,Ultimo tentativo,Last try,Letzter Versuch
admin_access_my_ip,La teva IP ara,Zure IP helbidea orain,O seu IP agora,Tu IP ahora,O teu IP agora,Ton IP maintenant,Il tuo IP ora,Your IP now,Deine IP jetzt
admin_access_ok,entrada OK,Sarrera Ados,Aceptar o inicio de sesión,entrada OK,OK login,OK connexion,OK accesso,OK login,OK-Anmeldung
admin_access_oks,Correctes,Zuzena,OK,Correctos,OK,OK,OK,OK,OK
admin_back,Tornar a l’admin,Itzuli administraziora,Volver a administrador,Volver al admin,Voltar à administração,Retour à l'administration,Torna all'amministrazione,Back to admin,Zurück zur Verwaltung
admin_create_heading,Crear club (beta),Kluba sortu (beta),Crear club (beta),Crear club (beta),Criar clube (beta),Créer un club (bêta),Crea club (beta),Create club (beta),Verein erstellen (Beta)
admin_create_hint,"Només tu crees clubs. Després envia’ls l’URL, el codi i la contrasenya temporal.","Zuk bakarrik sortzen dituzu klubak. Ondoren, bidali URLa, kodea eta behin-behineko pasahitza.","Só ti creas clubs. A continuación, envíalles o URL, o código e o contrasinal temporal.","Solo tú creas clubs. Luego envíales la URL, el código y la contraseña temporal.","Só tu crias clubes. Depois envia-lhes o URL, o código e a palavra-passe temporária.","Toi seul crées des clubs. Puis envoie-leur l'URL, le code et le mot de passe temporaire.","Solo tu crei i club. Poi inviagli l'URL, il codice e la password temporanea.","Only you create clubs. Then send them the URL, code and temporary password.","Nur du erstellst Vereine. Dann schicke ihnen die URL, den Code und das temporäre Passwort."
admin_create_ok,Club creat: {name}. Codi: {slug}.,Kluba sortua: {name}. Kodea: {slug}.,Club creado: {name}.Código: {slug}.,Club creado: {name}. Código: {slug}.,Clube criado: {name}. Código: {slug}.,Club créé : {name}. Code : {slug}.,Club creato: {name}. Codice: {slug}.,Club created: {name}. Code: {slug}.,Verein erstellt: {name}. Code: {slug}.
admin_create_submit,Crear club,Klub bat sortu,Crear Club,Crear club,Criar clube,Créer le club,Crea club,Create club,Verein erstellen
admin_created_slug_label,Codi de club (envia’l ara):,Klubaren kodea (bidali orain):,Código do club (enviar agora):,Código de club (envíalo ahora):,Código do clube (envia agora):,Code du club (envoie-le maintenant) :,Codice del club (invia ora):,Club code (send it now):,Vereinscode (jetzt senden):
admin_delete_club,Esborrar,Ezabatu,Borrar,Borrar,Apagar,Supprimer,Elimina,Delete,Löschen
admin_delete_confirm,Segur que vols esborrar aquest club i totes les seves dades?,Ziur zaude klub hau eta bere datu guztiak ezabatu nahi dituzula?,Borrar este club e todos os seus datos?,¿Seguro que quieres borrar este club y todos sus datos?,Apagar este clube e todos os seus dados?,Supprimer ce club et toutes ses données ?,Eliminare questo club e tutti i suoi dati?,Delete this club and all its data?,Diesen Verein und alle seine Daten löschen?
admin_delete_ok,Club esborrat: {name}.,Kluba ezabatuta: {name}.,Club eliminado: {name}.,Club borrado: {name}.,Clube apagado: {name}.,Club supprimé : {name}.,Club eliminato: {name}.,Club deleted: {name}.,Verein gelöscht: {name}.
admin_delete_submit,Esborrar aquest club,Ezabatu klub hau,Eliminar Este club,Borrar este club,Apagar este clube,Supprimer ce club,Elimina questo club,Delete this club,Diesen Verein löschen
admin_email_ok,Correu actualitzat per {name}.,{name}-en helbide elektronikoa eguneratu da.,Correo electrónico actualizado a {name}.,Correo actualizado para {name}.,E-mail atualizado para {name}.,E-mail mis à jour pour {name}.,Email aggiornata per {name}.,Email updated for {name}.,E-Mail für {name} aktualisiert.
admin_export_matches,Exportar partits,Esportatu bat-etortzeak,Xogos de exportación,Exportar partidos,Exportar jogos,Exporter les matchs,Esporta partite,Export matches,Spiele exportieren
admin_export_trainings,Exportar entrenaments,Esportazio prestakuntza,Exportar adestramentos,Exportar entrenamientos,Exportar treinos,Exporter les entraînements,Esporta allenamenti,Export trainings,Trainingseinheiten exportieren
admin_gate_bookmark,Desa’l als favorits del navegador. El text «Operador» del login porta els altres al login del club.,Gorde zure gogokoetan. Saioa hasteko &quot;Operadorea&quot; testuak beste batzuk klubaren saioa hasteko orrialdera eramaten ditu.,"Gárdao nos favoritos do teu navegador. O texto ""Operador"" na páxina de inicio de sesión leva a outros ao acceso do club.",Guárdalo en favoritos. El texto «Operador» del login lleva a los demás al login del club.,"Guarda-o nos favoritos do navegador. O texto ""Operador"" na página de login leva os outros para o acesso do clube.","Enregistre-le dans les favoris de ton navigateur. Le texte ""Opérateur"" sur la page de connexion envoie les autres vers l'accès du club.","Salvalo nei preferiti del browser. Il testo ""Operatore"" nella pagina di login porta gli altri all'accesso del club.",Save it in your browser bookmarks. The “Operator” text on the login page sends others to club sign-in.,"Speichere ihn in den Lesezeichen deines Browsers. Der Text ""Betreiber"" auf der Login-Seite leitet andere zum Vereinszugang."
admin_gate_heading,El teu enllaç secret d’operador,Zure operadore sekretuaren esteka,Tu enlace de operador secreto,Tu enlace secreto de operador,O teu link secreto de operador,Ton lien secret d'opérateur,Il tuo link segreto dell'operatore,Your secret operator link,Dein geheimer Betreiber-Link
admin_gate_intro,"Només tu has de tenir aquest enllaç. Sense ell, ningú veu el formulari d’operador.","Zuk bakarrik izan beharko zenuke esteka hau. Hori gabe, inork ezin du operadorearen formularioa ikusi.","Só ti deberías ter este enlace. Sen el, ninguén ve a forma operadora.","Solo tú debes tener este enlace. Sin él, nadie ve el formulario de operador.","Só tu deves ter este link. Sem ele, ninguém vê o formulário de operador.","Toi seul devrais avoir ce lien. Sans lui, personne ne voit le formulaire d'opérateur.","Solo tu dovresti avere questo link. Senza di esso, nessuno vede il modulo operatore.","Only you should have this link. Without it, nobody sees the operator form.",Nur du solltest diesen Link haben. Ohne ihn sieht niemand das Betreiber-Formular.
admin_intro,"Crea els clubs de la beta, posa contrasenya (sense veure l’antiga) i genera enllaços de recuperació. El correu cal per «he oblidat la contrasenya».","Sortu beta klubak, ezarri pasahitz bat (lehengoa ikusi gabe) eta sortu berreskuratzeko estekak. &quot;Pasahitza ahaztu dut&quot; aukerarako helbide elektronikoa beharrezkoa da.","Crear clubs de proba, establecer un contrasinal (sen ver o antigo), ou xerar unha ligazón de recuperación.","Crea los clubs de la beta, pon contraseña (sin ver la antigua) y genera enlaces de recuperación. El correo hace falta para «he olvidado la contraseña».","Criar clubes de teste, definir uma palavra-passe (sem ver a antiga) ou gerar um link de recuperação.","Créer des clubs de test, définir un mot de passe (sans voir l'ancien) ou générer un lien de récupération.","Crea club di test, imposta una password (senza vedere quella vecchia) o genera un link di recupero.","Create beta clubs, set a password (without seeing the old one), or generate a recovery link.","Erstelle Testvereine, setze ein Passwort (ohne das alte zu sehen) oder generiere einen Wiederherstellungslink."
admin_link,Operador,Iteratzaileak,Operador,Operador,Operador,Opérateur,Operatore,Operator,Betreiber
admin_login_autofill_hint,"Si el camp es posa groc sol, esborra’l: el navegador hi ha posat una clau antiga incorrecta.","Eremua bere kabuz hori bihurtzen bada, ezabatu ezazu: arakatzaileak pasahitz zahar okerra sartu du.","Se o campo se fai amarelo por si só, borralo: o navegador introduciu un contrasinal vello incorrecto.","Si el campo se pone amarillo solo, bórralo: el navegador ha puesto una clave antigua incorrecta.","Se o campo ficar amarelo sozinho, apaga-o: o navegador pôs uma palavra-passe antiga errada.","Si le champ devient jaune tout seul, efface-le : le navigateur a rempli un ancien mot de passe erroné.","Se il campo diventa giallo da solo, cancellalo: il browser ha inserito una vecchia password sbagliata.","If the field turns yellow by itself, clear it: the browser filled an old wrong password.","Wenn das Feld von selbst gelb wird, lösche es: der Browser hat ein altes falsches Passwort eingetragen."
admin_login_browser_hint,"Si el navegador omple el camp sol i falla, esborra’l i escriu la clau a mà.","Nabigatzaileak eremua automatikoki betetzen badu eta huts egiten badu, ezabatu ezazu eta idatzi pasahitza eskuz.","Se o navegador enche o campo por si só e falla, borralo e escribir o contrasinal a man.","Si el navegador rellena el campo solo y falla, bórralo y escribe la clave a mano.","Se o navegador preencher o campo sozinho e falhar, apaga-o e escreve a palavra-passe à mão.","Si le navigateur remplit le champ tout seul et échoue, efface-le et écris le mot de passe à la main.","Se il browser compila il campo da solo e fallisce, cancellalo e scrivi la password a mano.","Si el navegador omple el camp sol i falla, esborra’l i escriu la clau a mà.","Wenn der Browser das Feld automatisch ausfüllt und es fehlschlägt, lösche es und gib das Passwort von Hand ein."
admin_login_denied,Aquesta adreça no té permís per a l’operador.,Helbide hau ez dago baimenduta operadorearentzat.,Este enderezo non está permitido para o operador.,Esta dirección no tiene permiso para el operador.,Este endereço não tem permissão para o operador.,Cette adresse n'a pas le droit d'opérateur.,Questo indirizzo non ha permessi da operatore.,This address is not allowed for the operator.,Diese Adresse ist für den Betreiber nicht zugelassen.
admin_login_error,Contrasenya d’operador incorrecta.,Operadorearen pasahitz okerra.,Contrasinal incorrecto do operador.,Contraseña de operador incorrecta.,Palavra-passe do operador incorreta.,Mot de passe opérateur incorrect.,Password operatore errata.,Wrong operator password.,Falsches Betreiber-Passwort.
admin_login_heading,Operador,Iteratzaileak,Operador,Operador,Operador,Opérateur,Operatore,Operator,Betreiber
admin_login_lead,Gestió d’accessos dels clubs.,Klubaren sarbideen kudeaketa.,Xestionar o acceso ao club.,Gestión de accesos de los clubs.,Gerir acessos dos clubes.,Gérer les accès des clubs.,Gestire gli accessi dei club.,Manage club access.,Vereinszugänge verwalten.
admin_login_locked,Massa intents fallits. Aquesta adreça queda bloquejada uns {mins} minuts.,Saiakera huts gehiegi izan dira. Helbide hau blokeatuta egongo da gutxi gorabehera {mins} minutuz.,Demasiados intentos fallados. Este enderezo é bloqueado sobre os minutos de {mins}.,Demasiados intentos fallidos. Esta dirección queda bloqueada unos {mins} minutos.,Demasiadas tentativas falhadas. Este endereço fica bloqueado cerca de {mins} minutos.,Trop de tentatives échouées. Cette adresse est bloquée environ {mins} minutes.,Troppi tentativi falliti. Questo indirizzo è bloccato per circa {mins} minuti.,Too many failed attempts. This address is locked for about {mins} minutes.,Zu viele Fehlversuche. Diese Adresse ist für etwa {mins} Minuten gesperrt.
admin_login_locked_hint,Obre el teu enllaç secret d’operador (favorits) per desbloquejar.,Ireki zure operadore sekretuaren esteka (gogokoak) desblokeatzeko.,Abra seu link de operador secreto (favoritos) para desbloquear.,Abre tu enlace secreto de operador (favoritos) para desbloquear.,Abre o teu link secreto de operador (favoritos) para desbloquear.,Ouvre ton lien secret d'opérateur (favoris) pour débloquer.,Apri il tuo link segreto dell'operatore (preferiti) per sbloccare.,Open your secret operator link (bookmarks) to unlock.,"Öffne deinen geheimen Betreiber-Link (Lesezeichen), um die Sperre aufzuheben."
admin_login_no_recovery,Encara no hi ha paraula de recuperació configurada.,Ez dago berreskuratze-hitzik ezarrita oraindik.,Aínda non hai ningunha palabra de recuperación configurada.,Aún no hay palabra de recuperación configurada.,Ainda não há palavra de recuperação configurada.,Aucun mot de récupération n'est configuré.,Nessuna parola di recupero configurata.,Encara no hi ha paraula de recuperació configurada.,Noch kein Wiederherstellungswort eingerichtet.
admin_login_recovery_prompt,Has fallat abans des d’aquí. Escriu la paraula de recuperació per tornar a provar la contrasenya.,Aurretik huts egin duzu hemendik. Sartu berreskuratze-hitza pasahitza berriro saiatzeko.,Aquí fallaches algunha vez. Escriba o contrasinal de recuperación para volver probar o contrasinal.,Has fallado antes desde aquí. Escribe la palabra de recuperación para volver a probar la contraseña.,Já falhaste aqui antes. Escreve a palavra de recuperação para voltar a tentar a palavra-passe.,Tu as déjà échoué ici. Écris le mot de récupération pour réessayer le mot de passe.,Hai già fallito qui. Scrivi la parola di recupero per riprovare la password.,Has fallat abans des d’aquí. Escriu la paraula de recuperació per tornar a provar la contrasenya.,"Du bist hier schon einmal gescheitert. Gib das Wiederherstellungswort ein, um das Passwort erneut zu prüfen."
admin_login_title,AtempoSports — Admin,AtempoSports — Administratzailea,AtempoSports — Administración,AtempoSports — Admin,AtempoSports — Administração,AtempoSports — Administration,AtempoSports — Amministrazione,AtempoSports — Admin,AtempoSports — Verwaltung
admin_make_reset,Generar enllaç de recuperació,Sortu berreskuratze-esteka,Generar enlace de recuperación,Generar enlace de recuperación,Gerar link de recuperação,Générer un lien de récupération,Genera link di recupero,Generate recovery link,Wiederherstellungslink generieren
admin_no_clubs,No hi ha clubs.,Ez dago klubik.,Nada de clubs.,No hay clubs.,Sem clubes.,Aucun club.,Nessun club.,No clubs.,Keine Vereine.
admin_no_seasons,No hi ha temporades.,Ez dago urtarorik.,Non hai estacións.,No hay temporadas.,Não há épocas.,Aucune saison.,Non ci sono stagioni.,No seasons.,Keine Saisons vorhanden.
admin_pwd_ok,Contrasenya actualitzada per {name}.,{name}-en pasahitza eguneratu da.,Contraseña actualizada a {name}.,Contraseña actualizada para {name}.,Palavra-passe atualizada para {name}.,Mot de passe mis à jour pour {name}.,Password aggiornata per {name}.,Password updated for {name}.,Passwort für {name} aktualisiert.
admin_recovery_change_btn,Canviar paraula de recuperació,Berreskuratze hitza aldatu,Palabra de recuperación de cambios,Cambiar palabra de recuperación,Alterar palavra de recuperação,Changer le mot de récupération,Cambia parola di recupero,Canviar paraula de recuperació,Wiederherstellungswort ändern
admin_recovery_change_hint,"Per canviar-la: primer l’actual, després la nova dues vegades.","Aldatzeko: lehenik egungoa, gero berria bi aldiz.","Para cambiar: primeiro o actual, despois o novo dúas veces.","Para cambiarla: primero la actual, después la nueva dos veces.","Para alterar: primeiro a atual, depois a nova duas vezes.","Pour changer : d'abord l'actuel, puis le nouveau deux fois.","Per cambiarla: prima l'attuale, poi la nuova due volte.","Per canviar-la: primer l’actual, després la nova dues vegades.","Zum Ändern: zuerst das aktuelle, dann das neue zweimal."
admin_recovery_configured,Paraula de recuperació configurada,Konfiguratutako berreskuratze-hitza,Palabra de recuperación configurada,Palabra de recuperación configurada,Palavra de recuperação configurada,Mot de récupération configuré,Parola di recupero configurata,Paraula de recuperació configurada,Wiederherstellungswort eingerichtet
admin_recovery_current,Paraula actual,uneko hitza,Palabra actual,Palabra actual,Palavra atual,Mot actuel,Parola attuale,Paraula actual,Aktuelles Wort
admin_recovery_empty,"Encara no n’has posat cap. Fins que no en posis, un error de contrasenya no et bloqueja (menys segur).","Oraindik ez duzu bat sartu. Bat sartu arte, pasahitz oker batek ez zaitu blokeatuko (seguru gutxiago).","Aínda non puxeches ningún. Ata que o coloque, un erro de contrasinal leva ao inicio de sesión do club.","Aún no has puesto ninguna. Hasta que no pongas una, un error de contraseña no te bloquea (menos seguro).","Ainda não puseste nenhuma. Até pôr, um erro de palavra-passe leva ao login do clube.","Tu n'en as encore défini aucun. Tant que ce n'est pas fait, une erreur de mot de passe te renvoie au login du club.","Non ne hai ancora impostata una. Finché non lo fai, un errore di password ti porta al login del club.","Encara no n’has posat cap. Fins que no en posis, un error de contrasenya no et bloqueja (menys segur).","Du hast noch keines festgelegt. Bis du eines festlegst, führt ein Passwortfehler zum Club-Login."
admin_recovery_heading,Paraula de recuperació,Berreskuratzeko hitza.,Palabra de recuperación,Palabra de recuperación,Palavra de recuperação,Mot de récupération,Parola di recupero,Paraula de recuperació,Wiederherstellungswort
admin_recovery_intro,"El dia a dia: «Operador» + contrasenya, des de qualsevol ordinador. Si falles un cop, et treu al login del club. Per tornar-hi, escrius aquesta paraula que recordes (no cal desar enllaços).","Eguneroko errutina: &quot;Operadorea&quot; + pasahitza, edozein ordenagailutatik. Behin pasahitz okerra sartzen baduzu, klubaren saioa hasteko orrialdera birbideratuko zaitu. Itzultzeko, gogoratzen duzun hitza idatzi (ez da beharrezkoa estekak gordetzea).","Todos os días: ""Operador"" + contrasinal, desde calquera ordenador. Se fallas unha vez, volves ao inicio de sesión do club. Para volver atrás escribes esta palabra que memorizas (no necesitas guardar enlaces).","El día a día: «Operador» + contraseña, desde cualquier ordenador. Si fallas una vez, te saca al login del club. Para volver, escribes esta palabra que recuerdas (no hace falta guardar enlaces).","O dia a dia: ""Operador"" + palavra-passe, a partir de qualquer computador. Se falhares uma vez, voltas ao login do clube. Para voltar, escreves esta palavra que memorizas (não precisas de guardar links).","Quotidien : ""Opérateur"" + mot de passe, depuis n'importe quel ordinateur. Si tu échoues une fois, tu reviens au login du club. Pour revenir, tu écris ce mot que tu as mémorisé (pas besoin de garder de liens).","Giorno per giorno: ""Operatore"" + password, da qualsiasi computer. Se fallisci una volta, torni al login del club. Per tornare, scrivi questa parola che hai memorizzato (non serve tenere i link).","El dia a dia: «Operador» + contrasenya, des de qualsevol ordinador. Si falles un cop, et treu al login del club. Per tornar-hi, escrius aquesta paraula que recordes (no cal desar enllaços).","Der Alltag: ""Betreiber"" + Passwort, von jedem Computer. Wenn du einmal falsch liegst, kommst du zum Vereinslogin. Um zurückzukommen, gibst du dieses Wort ein, das du dir merkst (keine Links speichern nötig)."
admin_recovery_min,(mínim 6 caràcters),(gutxienez 6 karaktere),(mínimo 6 caracteres),(mínimo 6 caracteres),(mínimo 6 caracteres),(minimum 6 caractères),(minimo 6 caratteri),(mínim 6 caràcters),(mindestens 6 Zeichen)
admin_recovery_new_word,Paraula nova,Hitz berria,Palabra nova,Palabra nueva,Palavra nova,Nouveau mot,Nuova parola,Paraula nova,Neues Wort
admin_recovery_phrase,Paraula o frase,Hitza edo esaldia,Palabra o frase,Palabra o frase,Palavra ou frase,Mot ou phrase,Parola o frase,Paraula o frase,Wort oder Satz
admin_recovery_repeat,Repeteix la,Errepikatu,Repete-se o,Repite la,Repete a,Répète le,Ripeti,Repeteix la,Wiederhole
admin_recovery_save_btn,Desar paraula de recuperació,Gorde berreskuratze-hitza,Guardar palabra de recuperación,Guardar palabra de recuperación,Guardar palavra de recuperação,Enregistrer le mot de récupération,Salva parola di recupero,Desar paraula de recuperació,Wiederherstellungswort speichern
admin_reset_link_label,Enllaç (copiar ara; no es torna a mostrar):,Esteka (kopiatu orain; ez da berriro bistaratuko):,Ligazón (copiar agora; non se mostrará máis):,Enlace (copiar ahora; no se vuelve a mostrar):,Link (copia agora; não será mostrado novamente):,Lien (copie maintenant ; il ne sera plus affiché) :,Link (copia ora; non verrà più mostrato):,Link (copy now; it won’t be shown again):,Link (jetzt kopieren; er wird nicht wieder angezeigt):
admin_reset_ok,Enllaç generat per {name} (1 h).,{name}-erako esteka sortu da (1 h).,Enlace xerado para {name} (1 h).,Enlace generado para {name} (1 h).,Link gerado para {name} (1 h).,Lien généré pour {name} (1 h).,Link generato per {name} (1 h).,Link generated for {name} (1 h).,Link für {name} generiert (1 Std.).
admin_save_email,Desar correu,Gorde mezu elektronikoa,Gardar o correo electrónico,Guardar correo,Guardar e-mail,Enregistrer l'e-mail,Salva email,Save email,E-Mail speichern
admin_save_password,Posar contrasenya,Sartu pasahitza,Estabelecer o contrasinal,Poner contraseña,Definir palavra-passe,Définir le mot de passe,Imposta password,Set password,Passwort setzen
admin_season_active,Activa,Aktiboa,Activo,Activa,Ativa,Active,Attiva,Active,Aktiv
admin_seasons_heading,Temporades,Partekatze- tasa:,Tempadas,Temporadas,Épocas,Saisons,Stagioni,Seasons,Saisons
admin_seasons_intro,Gestió de temporades del club.,Klubaren denboraldiko kudeaketa.,Xestión da tempada de clubs.,Gestión de temporadas del club.,Gestão das épocas do clube.,Gestion des saisons du club.,Gestione delle stagioni del club.,Manage club seasons.,Verwaltung der Saisons des Vereins.
admin_seasons_link,Temporades,Partekatze- tasa:,Tempadas,Temporadas,Épocas,Saisons,Stagioni,Seasons,Saisons
admin_set_email,Correu del club,Klubaren posta elektronikoa,Club email,Correo del club,E-mail do clube,E-mail du club,Email del club,Club email,Vereins-E-Mail
admin_set_password,Contrasenya nova,erabiltzailearen pasahitza,Contrasinal novo,Contraseña nueva,Nova palavra-passe,Nouveau mot de passe,Nuova password,New password,Neues Passwort
admin_title,Admin · clubs,Administrazioa · klubak,Admin · clubs,Admin · clubs,Admin · clubes,Admin · clubs,Admin · club,Admin · clubs,Verwaltung · Vereine
admin_wrong_body,"Si ets d’un club, has d’entrar amb el codi de club i la contrasenya a la pàgina d’accés. Et portem allà ara.","Klub-kide bazara, zure klub-kodearekin eta pasahitzarekin saioa hasi beharko duzu saioa hasteko orrialdean. Orain hara eramango zaitugu.","Se es dun club, introduce o código do club e o contrasinal na páxina de inicio de sesión. Imos facerche chegar agora.","Si eres de un club, debes entrar con el código de club y la contraseña en la página de acceso. Te llevamos allí ahora.","Se és de um clube, entra com o código do clube e a palavra-passe na página de acesso. Vamos levar-te lá agora.","Si tu es d'un club, connecte-toi avec le code du club et le mot de passe sur la page d'accès. On t'y emmène maintenant.","Se sei di un club, entra con il codice del club e la password nella pagina di accesso. Ti portiamo lì ora.","If you are from a club, sign in with your club code and password on the access page. Taking you there now.","Wenn du von einem Verein kommst, melde dich mit Vereinscode und Passwort auf der Zugangsseite an. Du wirst dorthin weitergeleitet."
admin_wrong_go_login,Anar a l’accés del club →,Joan klubaren sarrerara →,Ir a acceso a club →,Ir al acceso del club →,Ir para o acesso do clube →,Aller à l'accès du club →,Vai all'accesso del club →,Go to club sign-in →,Zum Vereinszugang →
admin_wrong_heading,Lloc equivocat,Leku okerra.,Lugar incorrecto,Sitio equivocado,Lugar errado,Mauvais endroit,Posto sbagliato,Wrong place,Falscher Ort
admin_wrong_lead,Això no és l’accés del club.,Hau ez da klubaren sarbide puntua.,Isto non é o acceso ao club.,Esto no es el acceso del club.,Isto não é o acesso do clube.,Ce n'est pas l'accès du club.,Questo non è l'accesso del club.,This is not the club sign-in.,Das ist nicht der Vereinszugang.
admin_wrong_operator,Sóc l’operador,Operadorea naiz.,I 'm a operador,Soy el operador,Sou o operador,Je suis l'opérateur,Sono l'operatore,Sóc l’operador,Ich bin der Betreiber
admin_wrong_redirect,Redirecció automàtica en uns segons…,Birbideratze automatikoa segundo gutxitan…,Redirección automática en poucos segundos...,Redirección automática en unos segundos…,Redirecionamento automático em uns segundos…,Redirection automatique dans quelques secondes…,Reindirizzamento automatico tra qualche secondo…,Automatic redirect in a few seconds…,Automatische Weiterleitung in wenigen Sekunden…
admin_wrong_title,AtempoSports — Lloc equivocat,AtempoSports — Leku okerra,AtempoSports — Lugar incorrecto,AtempoSports — Sitio equivocado,AtempoSports — Lugar errado,AtempoSports — Mauvais endroit,AtempoSports — Posto sbagliato,AtempoSports — Wrong place,AtempoSports — Falscher Ort
calendar_go,Anar,Joateko,Ir,Ir,Ir,Aller,Vai,Go,Los
calendar_goto,Data,Data,Data,Fecha,Data,Date,Data,Date,Datum
calendar_legend,Llegenda,Legenda,Caption,Leyenda,Legenda,Légende,Legenda,Legend,Legende
calendar_legend_changed,Canviat i sense conflicte,Aldatua eta gatazkarik gabe,"Alterado, nada de conflito",Cambiado y sin conflicto,"Alterado, sem conflito","Modifié, pas de conflit","Modificato, nessun conflitto","Changed, no conflict","Geändert, kein Konflikt"
calendar_legend_hard,Conflicte greu,Gatazka larria,Conflito grave,Conflicto grave,Conflito grave,Conflit grave,Conflitto grave,Serious conflict,Schwerer Konflikt
calendar_legend_ok,Sense conflicte,Gatazkarik gabe.,Ningún conflito,Sin conflicto,Sem conflito,Pas de conflit,Nessun conflitto,No conflict,Kein Konflikt
calendar_legend_soft,Conflicte lleu,Gatazka txikia,Conflito leve,Conflicto leve,Conflito suave,Conflit léger,Conflitto lieve,Soft conflict,Weicher Konflikt
calendar_legend_training,Entrenament,Entrenamendua,Adestramento,Entrenamiento,Treino,Entraînement,Allenamento,Entrenament,Training
calendar_nav_next,següent,hurrengoa,Primeiro plano,siguiente,próxima,suivante,successiva,next,nächste
calendar_nav_prev,anterior,aurrekoa,Anterior,anterior,anterior,précédente,precedente,previous,vorherige
calendar_nav_week,Setmana,Astea,Semana,Semana,Semana,Semaine,Settimana,Week,Woche
calendar_next,Setmana següent,Hurrengo astean,Próxima semana,Semana siguiente,Próxima semana,Semaine suivante,Settimana successiva,Next week,Nächste Woche
calendar_no_events,Cap esdeveniment en aquest període.,Ez da ekitaldirik egon aldi honetan.,Sen acontecementos neste período.,Ningún evento en este periodo.,Nenhum evento neste período.,Aucun événement sur cette période.,Nessun evento in questo periodo.,Cap esdeveniment en aquest període.,Keine Ereignisse in diesem Zeitraum.
calendar_prev,Setmana anterior,& Aurreko astea,Semana & previa,Semana anterior,Semana anterior,Semaine précédente,Settimana precedente,Previous week,Vorherige Woche
calendar_range,Període,Epea,Período,Periodo,Período,Période,Periodo,Period,Zeitraum
calendar_rel_ago,fa {n} setmanes,Duela aste batzuk {n},mYVAR0MYVAR semanas atrás,hace {n} semanas,há {n} semanas,il y a {n} semaines,{n} settimane fa,{n} weeks ago,vor {n} Wochen
calendar_rel_in,en {n} setmanes,{n} asteetan,en {n} semanas,en {n} semanas,em {n} semanas,dans {n} semaines,tra {n} settimane,in {n} weeks,in {n} Wochen
calendar_rel_last,setmana passada,Aste,A semana pasada,semana pasada,semana passada,semaine dernière,settimana scorsa,last week,letzte Woche
calendar_rel_next,setmana següent,datorren astean,na próxima semana,siguiente semana,próxima semana,semaine prochaine,prossima settimana,next week,nächste Woche
calendar_rel_this,aquesta setmana,aste honetan,Esta Semana,esta semana,esta semana,cette semaine,questa settimana,this week,diese Woche
calendar_title,Calendari · 4 setmanes,Egutegia · 4 aste,Calendario · 4 semanas,Calendario · 4 semanas,Calendário · 4 semanas,Calendrier · 4 semaines,Calendario · 4 settimane,Calendar · 4 weeks,Kalender · 4 Wochen
calendar_today,Avui,Gaur,Hoxe,Hoy,Hoje,Aujourd'hui,Oggi,Today,Heute
calendar_week,Setmana,Astea,Semana,Semana,Semana,Semaine,Settimana,Week,Woche
change_alts_apply,Aplicar,Ezarri,Aplicar,Aplicar,Aplicar,Appliquer,Applica,Apply,Übernehmen
change_alts_clashes,xocs,talkak,choques,choques,choques,chocs,scontri,clashes,Kollisionen
change_alts_clean,Sense conflicte,Gatazkarik gabe.,Ningún conflito,Sin conflicto,Sem conflito,Sans conflit,Senza conflitto,No conflict,Ohne Konflikt
change_alts_empty,No hi ha altres horaris dins del marc.,Ez dago beste unerik esparruaren barruan.,Dentro da Xunta non hai outros tempos.,No hay otros horarios dentro del marco.,Não há outros horários dentro do quadro.,Pas d'autres horaires dans le cadre.,Nessun altro orario nel quadro.,No other times in the window.,Keine weiteren Termine im Rahmen.
change_alts_heading,Altres opcions,Beste aukerak,Outras alternativas,Otras opciones,Outras opções,Autres options,Altre opzioni,Other options,Weitere Optionen
change_alts_intro,"Opcions dins del marc del rival, ordenades de menys a més impacte.","Aurkariaren esparruko aukerak, eragin txikienetik handienera ordenatuta.","Opcións dentro do cadro do opoñente, ordenadas de menor a maior impacto.","Opciones dentro del marco del rival, ordenadas de menos a más impacto.","Opções dentro do quadro do adversário, ordenadas de menos a mais impacto.","Options dans le cadre adverse, classées du moindre au plus grand impact.","Opzioni nel quadro dell'avversario, ordinate dal minor al maggior impatto.","Options within the opponent's window, ordered from least to most impact.","Optionen im Rahmen des Gegners, sortiert nach geringstem Impact."
change_analyze,Comprovar canvi,Egiaztatu aldaketa,Comprobar o cambio,Comprobar cambio,Verificar alteração,Vérifier le changement,Verifica modifica,Check change,Änderung prüfen
change_apply_force,Aplicar igualment (implica aquests conflictes),Berdin aplikatu (horrek gatazka hauek dakartza),Aplicar de todos os xeitos (implica estes conflitos),Aplicar igualmente (implica estos conflictos),Aplicar mesmo assim (implica estes conflitos),Appliquer quand même (implique ces conflits),Applica comunque (implica questi conflitti),Aplicar igualment (implica aquests conflictes),Trotzdem anwenden (beinhaltet diese Konflikte)
change_frame_toggle,Cercar altres horaris (marc del rival),Bilatu beste une batzuk (aurkariaren markoa),Navegar por outros tempos,Buscar otros horarios (marco del rival),Procurar outros horários,Chercher d'autres horaires,Cerca altri orari,Find other times,Andere Termine suchen
change_locked,Aquest partit no es pot moure.,Partida hau ezin da mugitu.,Este xogo non se pode mover.,Este partido no se puede mover.,Este jogo não se pode mover.,Ce match ne peut pas être déplacé.,Questa partita non si può spostare.,This match can't be moved.,Dieses Spiel kann nicht verschoben werden.
change_make_official,Canvi oficial,Truke ofiziala,Funcionario Canvi,Cambio oficial,Canvi oficial,Canvi oficial,Canvi oficial,Canvi oficial,Canvi oficial
change_make_official_hint,Marca si vols que el nou horari quedi com a horari oficial de la federació.,"Mesedez, adierazi ordutegi berria federazioaren ordutegi ofizial bihurtzea nahi duzun.",Marca si vols que el nou horari quedi com a horari oficial de la federació.,Marca si quieres que el nuevo horario quede como horario oficial de la federación.,Marca si vols que el nou horari quedi com a horari oficial de la federació.,Marca si vols que el nou horari quedi com a horari oficial de la federació.,Marca si vols que el nou horari quedi com a horari oficial de la federació.,Marca si vols que el nou horari quedi com a horari oficial de la federació.,Marca si vols que el nou horari quedi com a horari oficial de la federació.
change_manual_title,Proposar canvi manual,Eskuzko aldaketa proposatu,Propón cambio manual,Proponer cambio manual,Propor alteração manual,Proposer un changement manuel,Proposta cambio manuale,Proposar canvi manual,Manuelle Änderung vorschlagen
change_new_date,Nova data,Data berria,Nova data,Nueva fecha,Nova data,Nouvelle date,Nuova data,New date,Neues Datum
change_not_viable,No viable,Ez bideragarria,Non factible,No viable,Não viável,Non viable,Non viable,Not viable,Nicht möglich
change_time_from,Hora des de,Ordua hemendik aurrera,Tempo desde,Hora desde,Hora desde,Heure dès,Ora da,Time from,Zeit von
change_time_to,Hora fins,Denbora arte,Tempo ata que,Hora hasta,Hora até,Heure jusqu'à,Ora fino a,Time to,Zeit bis
change_title,Modificar partit,Aldatu bat-etortzea,Modificar xogo,Modificar partido,Modificar jogo,Modifier le match,Modifica partita,Edit match,Spiel ändern
change_window_from,Des de,Hasiera data:,Desde,Desde,Desde,Du,Dal,From,Von
change_window_to,Fins a,Amaiera data:,Até,Hasta,Até,Au,Al,To,Bis
clipboard_copied,Copiat!,Kopiatuta!,Copiado,¡Copiado!,Copiado!,Copié !,Copiato!,Copiat!,Kopiert!
club_access_intro,El codi de club és el que uses per entrar. El correu serveix per recuperar la contrasenya.,Klubaren kodea saioa hasteko erabiltzen duzuna da. Helbide elektronikoa pasahitza berreskuratzeko erabiltzen da.,O código do club é o que se usa para entrar. O correo electrónico é para recuperar o contrasinal.,El código de club es el que usas para entrar. El correo sirve para recuperar la contraseña.,O código do clube é o que usas para entrar. O email serve para recuperar a palavra-passe.,Le code club sert à se connecter. L’e-mail sert à récupérer le mot de passe.,Il codice club serve per accedere. L’email serve per recuperare la password.,The club code is what you use to sign in. Email is for password recovery.,Der Clubcode ist dein Login. Die E-Mail dient zur Passwort-Wiederherstellung.
club_access_title,Accés i recuperació,Sarbidea eta berreskurapena,Acceso e Recuperación,Acceso y recuperación,Acesso e recuperação,Accès et récupération,Accesso e recupero,Access & recovery,Zugang & Wiederherstellung
club_data_desc,Enganxar o pujar llistes d'equips i persones,Itsatsi edo igo taldeen eta pertsonen zerrendak,Apegar ou enviar listas de equipos e persoas,Pegar o subir listas de equipos y personas,Colar ou enviar listas de equipas e pessoas,Coller ou envoyer des listes d'équipes et de personnes,Incollare o caricare elenchi di squadre e persone,Paste or upload team and people lists,Listen von Teams und Personen einfügen oder hochladen
club_email_ok,Correu desat.,Gorde da posta elektronikoa.,Correo electrónico gardado.,Correo guardado.,Email guardado.,E-mail enregistré.,Email salvata.,Email saved.,E-Mail gespeichert.
club_import_desc,RFEP / FECAPA (partits),RFEP / FECAPA (partidak),RFEP / FECAPA (xogos),RFEP / FECAPA (partidos),RFEP / FECAPA (jogos),RFEP / FECAPA (matchs),RFEP / FECAPA (partite),RFEP / FECAPA (games),RFEP / FECAPA (Spiele)
club_intro,Dades i configuració del club.,Klubaren datuak eta ezarpenak.,Datos do club e configuración.,Datos y configuración del club.,Dados e configuração do clube.,Données et configuration du club.,Dati e configurazione del club.,Club data and settings.,Clubdaten und Einstellungen.
club_people_desc,Persones de la temporada,Denboraldiko jendea.,Xente da época,Personas de la temporada,Pessoas da época,Personnes de la saison,Persone della stagione,People for the season,Personen der Saison
club_save_email,Desar correu,Gorde mezu elektronikoa,Gardar o correo electrónico,Guardar correo,Guardar email,Enregistrer l’e-mail,Salva email,Save email,E-Mail speichern
club_save_password,Canviar contrasenya,Aldatu pasahitza,Cambiar contrasinal,Cambiar contraseña,Alterar palavra-passe,Changer le mot de passe,Cambia password,Change password,Passwort ändern
club_season_desc,Copiar temporada i exportar,Kopiatu denboraldia eta esportatu,Tempada de copia e exportación,Copiar temporada y exportar,Copiar época e exportar,Copier la saison et exporter,Copiare stagione ed esportare,Copy season and export,Saison kopieren und exportieren
club_teams_desc,Equips i plantilles,Taldeak eta lantaldeak,Equipos e escuadras,Equipos y plantillas,Equipas e plantéis,Équipes et effectifs,Squadre e rose,Teams and rosters,Teams und Kader
club_venues_desc,Pistes i disponibilitat,Pistak eta erabilgarritasuna,Pistas e dispoñibilidade,Pistas y disponibilidad,Pistas e disponibilidade,Pistes et disponibilités,Piste e disponibilità,Rinks and availability,Pisten und Verfügbarkeit
col_away,Visitant,Bisitaria,Fóra,Visitante,Fora,Extérieur,Trasferta,Away,Auswärts
col_date,Data,Data,Data,Fecha,Data,Date,Data,Date,Datum
col_from,Des de,Hasiera data:,Desde,Desde,Desde,De,Dalle,From,Von
col_home,Local,Tokikoa,Casa,Local,Casa,Domicile,Casa,Home,Heim
col_hv,L/V,Astelehenetik ostiralera,C/F,L/V,C/F,D/E,C/T,H/A,H/A
col_opponent,Rival,Aurkaria,Contrincante,Rival,Adversário,Adversaire,Avversario,Opponent,Gegner
col_team,Equip,Taldea,Equipo,Equipo,Equipa,Équipe,Squadra,Team,Mannschaft
col_time,Hora,Ordua,Hora,Hora,Hora,Heure,Ora,Time,Zeit
col_to,Fins a,Amaiera data:,Até,Hasta,Até,À,Alle,To,Bis
col_venue,Pista,Argibidea,Pista,Pista,Pista,Piste,Pista,Rink,Piste
col_weekday,Dia,Eguna,Dia,Día,Dia,Jour,Giorno,Day,Tag
conflict_action_check_person,Revisar disponibilitat de la persona,Egiaztatu pertsonaren erabilgarritasuna,Comprobar a dispoñibilidade da persoa,Revisar disponibilidad de la persona,Check person availability,Check person availability,Check person availability,Check person availability,Check person availability
conflict_action_edit_match,Canvia el partit,Aldatu jokoa.,Cambiar a coincidencia,Cambia el partido,Change the match,Change the match,Change the match,Change the match,Change the match
conflict_action_ignore,Ignorar aquest conflicte,Gatazka hau alde batera utzita,Ignorar este conflito,Ignorar este conflicto,Ignore this conflict,Ignore this conflict,Ignore this conflict,Ignore this conflict,Ignore this conflict
conflict_action_merge_training,Proposar entrenament conjunt,Prestakuntza bateratua proposatu,Propor a formación conxunta,Proponer entrenamiento conjunto,Propose joint training,Propose joint training,Propose joint training,Propose joint training,Propose joint training
conflict_already_resolved,Aquest conflicte ja està resolt.,Gatazka hau dagoeneko konponduta dago.,Aquest conflit ja està resolt.,Este conflicto ya está resuelto.,Aquest conflicte ja està resolt.,Aquest conflicte ja està resolt.,Aquest conflicte ja està resolt.,Aquest conflicte ja està resolt.,Aquest conflicte ja està resolt.
conflict_detail_actions,Què pots fer,Zer egin dezakezu?,O que se pode,Qué puedes hacer,What you can do,What you can do,What you can do,What you can do,What you can do
conflict_detail_back,← Tornar als conflictes,← Itzuli gatazkei buruz,← Volver a conflitos,← Volver a los conflictos,← Back to conflicts,← Back to conflicts,← Back to conflicts,← Back to conflicts,← Back to conflicts
conflict_detail_cases,Casos concrets,Kasu zehatzak,Casetas de Concreto,Casos concretos,Concrete cases,Concrete cases,Concrete cases,Concrete cases,Concrete cases
conflict_detail_open_cases,Veure {count} casos concrets,Ikusi {count} kasu zehatzak,Vista {count} casos de cemento,Ver {count} casos concretos,View {count} concrete cases,View {count} concrete cases,View {count} concrete cases,View {count} concrete cases,View {count} concrete cases
conflict_detail_question,Com vols resoldre aquest conflicte?,Nola konpondu nahi duzu gatazka hau?,Como queres solucionar este conflito?,¿Cómo quieres resolver este conflicto?,How do you want to resolve this conflict?,How do you want to resolve this conflict?,How do you want to resolve this conflict?,How do you want to resolve this conflict?,How do you want to resolve this conflict?
conflict_detail_subtitle,Tria una acció per resoldre aquest conflicte,Aukeratu ekintza bat gatazka hau konpontzeko,Escolla unha acción para resolver este conflito,Elige una acción para resolver este conflicto,Choose an action to resolve this conflict,Choose an action to resolve this conflict,Choose an action to resolve this conflict,Choose an action to resolve this conflict,Choose an action to resolve this conflict
conflict_detail_title,Resoldre conflicte,Gatazka konpondu,Resolver o conflito,Resolver conflicto,Resolve conflict,Resolve conflict,Resolve conflict,Resolve conflict,Resolve conflict
conflict_merge_prompt,Aquests dos equips comparteixen jugadors en aquesta franja. Vols proposar un entrenament conjunt?,Bi talde hauek jokalariak partekatzen dituzte arlo honetan. Entrenamendu saio bateratu bat proposatu nahi al zenuke?,Estes dous equipos comparten xogadores nesta franxa. Queres propoñer un traballo conxunto?,Estos dos equipos comparten jugadores en esta franja. ¿Quieres proponer un entrenamiento conjunto?,Estas duas equipas partilham jogadores nesta franja. Queres propor um treino conjunto?,Ces deux équipes partagent des joueurs dans cette tranche. Veux-tu proposer un entraînement conjoint ?,Queste due squadre condividono giocatori in questa fascia. Vuoi proporre un allenamento congiunto?,Aquests dos equips comparteixen jugadors en aquesta franja. Vols proposar un entrenament conjunt?,Diese zwei Teams teilen Spieler in diesem Zeitfenster. Willst du ein gemeinsames Training vorschlagen?
conflict_merge_yes,"Sí, proposar horaris","Bai, ordutegiak proposatu","Si, propoñer tempos","Sí, proponer horarios","Sim, propor horários","Oui, proposer des horaires","Sì, proponi orari","Sí, proposar horaris","Ja, Zeiten vorschlagen"
conflict_unignore,Deixar d'ignorar,Utzi alde batera uzten,Let d 'ignore,Dejar de ignorar,Deixar d'ignorar,Deixar d'ignorar,Deixar d'ignorar,Deixar d'ignorar,Deixar d'ignorar
conflict_view_match,Anar al partit,Joan jokora.,Ir ao xogo,Ir al partido,Ir para o jogo,Aller au match,Vai alla partita,Go to match,Zum Spiel gehen
conflict_wa_alts,"

{count} alternatives:
",{count} alternatibak:,{count} alternativas:,"

{count} alternativas:
","

{count} alternativas:
","

{count} alternatives :
","

{count} alternative:
","

{count} alternatives:
","

{count} Alternativen:
"
conflict_wa_copy,Copiar missatge,Kopiatu mezua,Copiar a mensaxe,Copiar mensaje,Copiar mensagem,Copier le message,Copia messaggio,Copiar missatge,Nachricht kopieren
conflict_wa_intro,"Hola equip, tenim aquest conflicte:
","Kaixo talde, gatazka hau dugu:","Ola equipo, temos este conflito:","Hola equipo, tenemos este conflicto:
","Olá equipa, temos este conflito:
","Salut l'équipe, nous avons ce conflit :
","Ciao squadra, abbiamo questo conflitto:
","Hola equip, tenim aquest conflicte:
","Hallo Team, wir haben diesen Konflikt:
"
conflict_wa_outro,"

Abans de prendre una decisió m’agradaria sentir les vostres preferències o consideracions. Buscarem la millor opció pel bé comú de l’equip.","Erabaki bat hartu aurretik, zure lehentasunak edo gogoetak entzun nahi nituzke. Taldearen ongizate orokorrarentzat aukerarik onena bilatuko dugu.","Antes de tomar unha decisión, gustaríame escoitar as súas preferencias ou consideracións. Busquemos a mellor opción para o ben común do equipo.","

Antes de tomar una decisión me gustaría oír vuestras preferencias o consideraciones. Buscaremos la mejor opción para el bien común del equipo.","

Antes de tomar uma decisão, gostaria de ouvir as vossas preferências ou considerações. Vamos procurar a melhor opção para o bem comum da equipa.","

Avant de prendre une décision, j'aimerais entendre vos préférences ou remarques. Nous chercherons la meilleure option pour le bien commun de l'équipe.","

Prima di prendere una decisione, vorrei sentire le vostre preferenze o considerazioni. Cercheremo l'opzione migliore per il bene comune della squadra.","

Abans de prendre una decisió m’agradaria sentir les vostres preferències o consideracions. Buscarem la millor opció pel bé comú de l’equip.","

Bevor ich eine Entscheidung treffe, würde ich gerne eure Präferenzen oder Anmerkungen hören. Wir suchen die beste Option für das gemeinsame Wohl des Teams."
conflict_wa_outro_alts,"

Si algú té cap altra alternativa, la valoraré. En tot cas, decidiré pensant en el bé comú de l’equip.","Beste alternatibarik baldin badu inork, kontuan hartuko ditut. Nolanahi ere, taldearen interesak kontuan hartuta erabakiko dut.","Se alguén ten outra alternativa, valorareina. De todos os xeitos, decidirei pensar no ben común do equipo.","

Si alguien tiene alguna otra alternativa, la valoraré. En todo caso, decidiré pensando en el bien común del equipo.","

Se alguém tiver outra alternativa, vou avaliá-la. De qualquer forma, decidirei pensando no bem comum da equipa.","

Si quelqu'un a une autre alternative, je l'évaluerai. Dans tous les cas, je déciderai en pensant au bien commun de l'équipe.","

Se qualcuno ha un'altra alternativa, la valuterò. In ogni caso, deciderò pensando al bene comune della squadra.","

Si algú té cap altra alternativa, la valoraré. En tot cas, decidiré pensant en el bé comú de l’equip.","

Wenn jemand eine andere Alternative hat, werde ich sie werten. In jedem Fall entscheide ich im Sinne des gemeinsamen Wohls des Teams."
conflict_wa_summary,WhatsApp,Whatsapp,Mensaxe de preparación para WhatsApp,WhatsApp,Preparar mensagem para WhatsApp,Préparer un message WhatsApp,Prepara messaggio WhatsApp,WhatsApp,WhatsApp-Nachricht vorbereiten
conflicts_auto_all,Aplicar tots els automàtics,Aplikatu funtzio automatiko guztiak,Aplicar toda a automática,Aplicar todos los automáticos,Aplicar todos os automáticos,Tout appliquer en auto,Applica tutti gli automatici,Apply all automatic fixes,Alle Automatiken anwenden
conflicts_auto_one,Aplicar automàtic,Aplikatu automatikoa,Aplicar automaticamente,Aplicar automático,Aplicar automático,Appliquer auto,Applica automatico,Apply automatically,Automatisch anwenden
conflicts_auto_report,Automàtic: {ok} aplicats · {fail} sense solució limpia,Automatikoa: {ok} aplikatuta · {fail} soluzio garbirik gabe,Automático: {ok} aplicado · {fail} sen solución limpa,Automático: {ok} aplicados · {fail} sin solución limpia,Automático: {ok} aplicados · {fail} sem solução limpa,Auto : {ok} appliqués · {fail} sans solution propre,Automatico: {ok} applicati · {fail} senza soluzione pulita,Automatic: {ok} applied · {fail} with no clean fix,Automatisch: {ok} angewendet · {fail} ohne saubere Lösung
conflicts_empty,Cap conflicte amb les dades actuals.,Ez dago gatazkarik egungo datuekin.,De momento ningún conflito.,Ningún conflicto con los datos actuales.,Sem conflitos de momento.,Aucun conflit pour le moment.,Nessun conflitto al momento.,No conflicts right now.,Im Moment keine Konflikte.
conflicts_hard_label,greus,serio,Bass,graves,graves,graves,gravi,serious,schwerwiegend
conflicts_horizon_intro,Agrupats per temps que queda (útil per a FECAPA).,Geratzen den denboraren arabera taldekatuta (FECAPArako erabilgarria).,Agrupados por proximidade.,Agrupados por tiempo que queda (útil para FECAPA).,Agrupados por proximidade.,Regroupés par proximité.,Raggruppati per prossimità.,Grouped by how soon they happen.,Nach Zeitpunkt gruppiert.
conflicts_ignored,Conflictes ignorats,Baztertutako gatazkak,Conflitos ignorantes,Conflictos ignorados,Conflictes ignorats,Conflictes ignorats,Conflictes ignorats,Conflictes ignorats,Conflictes ignorats
conflicts_legend_hard,dos partits o entrenaments del mateix club o persona en horaris que es creuen. Cal canviar-ne un.,Klub edo pertsona berarentzat bi partida edo entrenamendu saio programatuta daude gainjarritako orduetan. Bat aldatu egin behar da.,dous partidos ou adestramentos do mesmo club ou persoa en equipos superpostos. Un debe cambiar.,dos partidos o entrenamientos del mismo club o persona en horarios que se cruzan. Hay que cambiar uno.,two matches or trainings from the same club or person at overlapping times. One must change.,two matches or trainings from the same club or person at overlapping times. One must change.,two matches or trainings from the same club or person at overlapping times. One must change.,two matches or trainings from the same club or person at overlapping times. One must change.,two matches or trainings from the same club or person at overlapping times. One must change.
conflicts_legend_hard_short,Greu:,Larria,Duro:,Grave:,Hard:,Hard:,Hard:,Hard:,Hard:
conflicts_legend_horizon,Els horitzons agrupen els conflictes segons el temps que falta: més proper primer.,Horizonteek gatazkak geratzen den denboraren arabera multzokatzen dituzte: hurbilenetik lehenengo (erabilgarria FECAPArako).,Horizontes agrupa os conflitos polo tempo que queda: primeiro máis próximo.,Los horizontes agrupan los conflictos según el tiempo que falta: más cercano primero (útil para FECAPA).,Horizons group conflicts by time remaining: closest first.,Horizons group conflicts by time remaining: closest first.,Horizons group conflicts by time remaining: closest first.,Horizons group conflicts by time remaining: closest first.,Horizons group conflicts by time remaining: closest first.
conflicts_legend_soft,possible solapament o coincidència poc probable. Revisa’l.,Gainjartze posiblea edo kointzidentzia ez-probagarria. Begiratu.,posible solapamento ou improbable coincidencia. comprobalo.,posible solapamiento o coincidencia poco probable. Revísalo.,possible overlap or unlikely coincidence. Check it.,possible overlap or unlikely coincidence. Check it.,possible overlap or unlikely coincidence. Check it.,possible overlap or unlikely coincidence. Check it.,possible overlap or unlikely coincidence. Check it.
conflicts_legend_soft_short,Lleu:,Epela,Suave:,Leve:,Soft:,Soft:,Soft:,Soft:,Soft:
conflicts_legend_title,Com s’entenen els conflictes?,Nola ulertzen dira gatazkak?,Como entender os conflitos?,¿Cómo se entienden los conflictos?,How to understand conflicts?,How to understand conflicts?,How to understand conflicts?,How to understand conflicts?,How to understand conflicts?
conflicts_manual,Modificar a mà,Eskuz aldatu,Modificar a mano,Modificar a mano,Modificar à mão,Modifier à la main,Modifica a mano,Edit manually,Manuell ändern
conflicts_no_results,Cap conflicte coincideix amb la cerca.,Ez dago bilaketarekin bat datorren gatazkarik.,Ningún conflito coincide coa busca.,Ningún conflicto coincide con la búsqueda.,No conflict matches the search.,No conflict matches the search.,No conflict matches the search.,No conflict matches the search.,No conflict matches the search.
conflicts_search_placeholder,"Cerca per data, equip, jugador/a, club...","Bilatu dataren, taldearen, jokalariaren, klubaren... arabera","Búsqueda por data, equipo, xogador, club...","Busca por fecha, equipo, jugador/a, club...","Search by date, team, player, club...","Search by date, team, player, club...","Search by date, team, player, club...","Search by date, team, player, club...","Search by date, team, player, club..."
conflicts_see_alts,Horaris alternatius,Ordutegi alternatiboak,Tempos alternativos,Horarios alternativos,Horários alternativos,Horaires alternatifs,Orari alternativi,Alternative times,Alternative Zeiten
conflicts_soft_label,avisos,Oharrak,Advertencias,avisos,avisos,avertissements,avvisi,warnings,Hinweise
conflicts_subtitle,Conflictes per franja de temps,Ordu-tarteen gatazkak,Conflitos de franxas temporais,Conflictos por franja de tiempo,Conflitos por franja de tempo,Conflits par tranche horaire,Conflitti per fascia oraria,Conflictes per franja de temps,Konflikte nach Zeitfenster
continue,Continuar,Jarraitu,Continuar,Continuar,Continuar,Continuer,Continua,Continuar,Weiter
data_copy_paste_hint,"Copieu el model de sota, enganxeu-lo a Excel/Fulls de càlcul, completeu les vostres dades i torneu-lo a enganxar aquí.","Kopiatu beheko txantiloia, itsatsi Excel/kalkulu-orrietan, bete zure datuak eta itsatsi berriro hemen.","Copie o modelo a continuación, pegalo en Excel/Sheets, encha os seus datos e pegalo de novo aquí.","Copia el modelo de abajo, pégalo en Excel/Hojas de cálculo, completa tus datos y pégalo de nuevo aquí.","Copy the model below, paste it into Excel/Sheets, fill in your data, and paste it back here.","Copy the model below, paste it into Excel/Sheets, fill in your data, and paste it back here.","Copy the model below, paste it into Excel/Sheets, fill in your data, and paste it back here.","Copy the model below, paste it into Excel/Sheets, fill in your data, and paste it back here.","Copy the model below, paste it into Excel/Sheets, fill in your data, and paste it back here."
data_fed_link,Importar partits de federació (RFEP/FECAPA),Inportatu federazio partidak (RFEP/FECAPA),Partidos de importación de federación (RFEP/FECAPA),Importar partidos de federación (RFEP/FECAPA),Importar jogos da federação (RFEP/FECAPA),Importer les matchs de fédération (RFEP/FECAPA),Importa partite federali (RFEP/FECAPA),Import federation games (RFEP/FECAPA),Verbandsspiele importieren (RFEP/FECAPA)
data_file,O pujar fitxer CSV,Edo CSV fitxategi bat igo,O subir archivo CSV,O subir archivo CSV,Ou enviar ficheiro CSV,Ou envoyer un fichier CSV,O carica file CSV,Or upload a CSV file,Oder CSV-Datei hochladen
data_import,Importar,Inportatu,Importar,Importar,Importar,Importer,Importa,Import,Importieren
data_intro,"La forma més ràpida: una plantilla amb equip, persona i rol. També pots enganxar des d'Excel.","Modurik azkarrena: taldea, pertsona eta rola dituen txantiloi bat. Exceletik ere itsatsi dezakezu.","O máis rápido: unha folla de cálculo con equipo, persoa e función. Tamén se pode pegar desde Excel.","Lo más rápido: una plantilla con equipo, persona y rol. También puedes pegar desde Excel.","O mais rápido: uma plantilha com equipa, pessoa e função. Também podes colar do Excel.","Le plus rapide : un tableau équipe, personne et rôle. Vous pouvez aussi coller depuis Excel.","Il modo più veloce: una tabella con squadra, persona e ruolo. Puoi anche incollare da Excel.","Fastest path: a sheet with team, person, and role. You can also paste from Excel.","Am schnellsten: eine Tabelle mit Team, Person und Rolle. Du kannst auch aus Excel einfügen."
data_links,vincles,estekak,bonos,vínculos,vínculos,liens,collegamenti,links,Verknüpfungen
data_more,Importar només equips o només persones,Inportatu ekipamendua bakarrik edo pertsonak bakarrik,Importar só equipos ou só persoas,Importar solo equipos o solo personas,Importar só equipas ou só pessoas,Importer seulement les équipes ou les personnes,Importa solo squadre o solo persone,Import teams only or people only,Nur Teams oder nur Personen importieren
data_paste,Enganxar text,Itsatsi testua,Apegar o texto,Pegar texto,Colar texto,Coller le texte,Incolla testo,Paste text,Text einfügen
data_report,Resultat,Emaitza,Saída,Resultado,Resultado,Résultat,Risultato,Result,Ergebnis
data_roster_heading,Plantilla (recomanat),Txantiloia (gomendatua),Plantilha (recomendado),Plantilla (recomendado),Plantilha (recomendado),Tableau (recommandé),Tabella (consigliato),Roster sheet (recommended),Kaderliste (empfohlen)
data_roster_hint,"Crea equips, persones i vincles d'un sol cop. Separador ; o ,","Eraiki taldeak, pertsonak eta konexioak aldi berean. Bereizlea; edo,","Crea equipos, persoas e lazos á vez. Separador ; ou ,","Crea equipos, personas y vínculos de una vez. Separador ; o ,","Cria equipas, pessoas e vínculos de uma vez. Separador ; ou ,","Crée équipes, personnes et liens en une fois. Séparateur ; ou ,","Crea squadre, persone e collegamenti in un colpo solo. Separatore ; o ,","Creates teams, people, and links in one go. Separator ; or ,","Erstellt Teams, Personen und Verknüpfungen auf einmal. Trenner ; oder ,"
data_roster_placeholder,equipo;persona;rol,taldea; pertsona; rola,equipo;persona;rol,equipo;persona;rol,equipo;persona;rol,equipo;persona;rol,equipo;persona;rol,team;person;role,equipo;persona;rol
data_skipped,omitits,baztertua,omitido,omitidos,omitidos,ignorés,saltati,skipped,übersprungen
data_title,Introduir dades,Sartu datuak,Introducir datos,Introducir datos,Introduzir dados,Saisir les données,Inserire i dati,Enter data,Daten eingeben
fed_ask_more_body,"Si el club juga a més d’una (p. ex. RFEP i FECAPA), importa ara l’altra. Si no, continua amb el següent pas.","Klubak txapelketa bat baino gehiagotan jokatzen badu (adibidez, RFEP eta FECAPA), besteak du garrantzia orain. Bestela, jarraitu hurrengo urratsera.","Se o club xoga en máis dun (por exemplo, RFEP e FECAPA), o outro importa agora. En caso contrario, continúa co seguinte paso.","Si el club juega en más de una (p. ej. RFEP y FECAPA), importa ahora la otra. Si no, sigue al siguiente paso.","Se o clube joga em mais do que uma (p. ex. RFEP e FECAPA), importa a outra agora. Caso contrário, continua para o passo seguinte.","Si le club joue dans plus d'une (p. ex. RFEP et FECAPA), importe l'autre maintenant. Sinon, passe à l'étape suivante.","Se il club gioca in più di una (p. es. RFEP e FECAPA), importa l'altra ora. Altrimenti passa al passaggio successivo.","If the club plays in more than one (e.g. RFEP and FECAPA), import the other now. Otherwise continue to the next step.","Wenn der Verein in mehreren spielt (z. B. RFEP und FECAPA), importiere den anderen jetzt."
fed_ask_more_done,"No, continua","Ez, jarraitu","No, continúe","No, continuar","Não, continuar","Non, continuer","No, continua","No, continue","Nein, weiter"
fed_ask_more_title,Vols importar d’una altra federació?,Beste federazio batetik inportatu nahi duzu?,Importe de outra federao?,¿Quieres importar de otra federación?,Importar de outra federação?,Importer d'une autre fédération ?,Importare da un'altra federazione?,Import from another federation?,Aus einem anderen Verband importieren?
fed_chooser_intro,Tria la federació per cercar els teus equips i carregar-ne el calendari.,Aukeratu federazioa zure taldeak bilatzeko eta egutegia kargatzeko.,Escolla a federación para buscar os seus equipos e cargar o calendario.,Elige la federación para buscar tus equipos y cargar el calendario.,Escolhe a federação para procurar as tuas equipas e carregar o calendário.,Choisissez la fédération pour chercher vos équipes et charger le calendrier.,Scegli la federazione per cercare le tue squadre e caricare il calendario.,Pick a federation to find your teams and load their schedule.,"Wähle den Verband, um Teams zu suchen und den Spielplan zu laden."
fed_fecapa_desc,Competicions catalanes (base i sènior),Kataluniako txapelketak (gazte eta senior),Competicións catalás (base e sénior),Competiciones catalanas (base y sénior),Competições catalãs (base e sénior),Compétitions catalanes (base et senior),Competizioni catalane (base e senior),Catalan competitions (youth and senior),Katalanische Wettbewerbe (Basis und Senior)
fed_import_ok,Importats {n} equips. Continua amb una altra federació si cal.,"{n} ekipamendua inportatuta. Beharrezkoa bada, jarraitu beste federazio batekin.",Equipos {n} importados. Continúa con outra federación se é necesario.,Importados {n} equipos. Continúa con otra federación si hace falta.,Importadas {n} equipas. Continua com outra federação se for necessário.,{n} équipes importées. Continue avec une autre fédération si besoin.,Importate {n} squadre. Continua con un'altra federazione se serve.,Imported {n} teams. Continue with another federation if needed.,"{n} Mannschaften importiert. Fahre mit einem anderen Verband fort, falls nötig."
fed_manual_link,Crear equips manualment,Sortu taldeak eskuz,Crear equips manualment,Crear equipos manualmente,Crear equips manualment,Crear equips manualment,Crear equips manualment,Crear equips manualment,Crear equips manualment
fed_manual_option,O crea els equips manualment,Edo sortu taldeak eskuz.,O crea els equips manualment,O crea los equipos manualmente,O crea els equips manualment,O crea els equips manualment,O crea els equips manualment,O crea els equips manualment,O crea els equips manualment
fed_manual_text,"Si la federació encara no té els equips públics, crea'ls ara i vincula'ls més tard.","Federazioak ez baditu talde publikoak, sortu itzazu orain eta lotu geroago.","Si la federació encara no té els equipsếs, crea 'ls ara i vincula' ls més tard.","Si la federación aún no tiene los equipos públicos, créalos ahora y vincúlalos más tarde.","Si la federació encara no té els equips públics, crea'ls ara i vincula'ls més tard.","Si la federació encara no té els equips públics, crea'ls ara i vincula'ls més tard.","Si la federació encara no té els equips públics, crea'ls ara i vincula'ls més tard.","Si la federació encara no té els equips públics, crea'ls ara i vincula'ls més tard.","Si la federació encara no té els equips públics, crea'ls ara i vincula'ls més tard."
fed_rfep_desc,"Lligues estatals (OK Liga, Iberdrola…)","Estatuko ligak (OK Liga, Iberdrola...)","Ligas estatais (OK Liga, Iberdrola…)","Ligas estatales (OK Liga, Iberdrola…)","Ligas estatais (OK Liga, Iberdrola…)","Ligues nationales (OK Liga, Iberdrola…)","Campionati nazionali (OK Liga, Iberdrola…)","National leagues (OK Liga, Iberdrola…)","Nationale Ligen (OK Liga, Iberdrola…)"
federation_changes_away,Visitant,Bisitaria,Fóra,Visitante,Fora,Extérieur,Trasferta,Visitant,Auswärts
federation_changes_back,← Tornar als partits,← Itzuli partidetara,← Volver a Partidos,← Volver a los partidos,← Voltar aos jogos,← Retour aux matchs,← Torna alle partite,← Tornar als partits,← Zurück zu den Spielen
federation_changes_conflict,conflicte,Gatazka,Conflito,conflicto,conflito,conflit,conflitto,conflicte,Konflikt
federation_changes_conflict_pl,s,s,s,s,s,s,i,s,e
federation_changes_conflicts,Conflictes,Gatazkak,Conflitos,Conflictos,Conflitos,Conflits,Conflitti,Conflictes,Konflikte
federation_changes_empty,No s’ha detectat cap canvi federatiu.,Ez da aldaketa federatiborik antzeman.,Non se detectou ningún cambio da federación.,No se ha detectado ningún cambio federativo.,Não foi detetada nenhuma alteração da federação.,Aucun changement fédératif détecté.,Nessuna modifica federativa rilevata.,No s’ha detectat cap canvi federatiu.,Keine Verbandsänderung erkannt.
federation_changes_home,Local,Tokikoa,Casa,Local,Casa,Domicile,Casa,Local,Heim
federation_changes_intro,Historial de canvis d’horari detectats a RFEP / FECAPA.,RFEP / FECAPA-n detektatutako ordutegi aldaketen historia.,Historial de cambios horarios detectados en RFEP / FECAPA.,Historial de cambios de horario detectados en RFEP / FECAPA.,Histórico de alterações de horário detetadas na RFEP / FECAPA.,Historique des changements d'horaire détectés chez RFEP / FECAPA.,Storico delle modifiche orario rilevate in RFEP / FECAPA.,Historial de canvis d’horari detectats a RFEP / FECAPA.,Verlauf der erkannten Zeitplanänderungen bei RFEP / FECAPA.
federation_changes_locked,Bloquejat,Blokeatuta,Atrancado,Bloqueado,Bloqueado,Bloqué,Bloccato,Bloquejat,Gesperrt
federation_changes_match,Partit,"partida bat jokatzera"".",Xogo,Partido,Jogo,Match,Partita,Partit,Spiel
federation_changes_new,Data/hora nova,Data/ordu berria,Nova data/hora,Fecha/hora nueva,Data/hora nova,Nouvelle date/heure,Nuova data/ora,Data/hora nova,Neues Datum/Uhrzeit
federation_changes_none,Cap,Bat ere ez,Ningún,Ninguno,Nenhum,Aucun,Nessuno,Cap,Keine
federation_changes_old,Data/hora anterior,Aurreko data/ordua,Data/hora anterior,Fecha/hora anterior,Data/hora antecedente,Date/heure antérieure,Data/ora precedente,Data/hora anterior,Altes Datum/Uhrzeit
federation_changes_seen,Vist,Ikusita,Visa,Visto,Visto,Vu,Visto,Vist,Gesehen
federation_changes_source,Font,Iturburua,Fonte,Fuente,Fonte,Source,Fonte,Font,Quelle
federation_changes_status,Estat,Egoera,Estado,Estado,Estado,État,Stato,Estat,Status
federation_changes_summary,{total} canvis · {with_conflicts} amb conflictes · {locked} bloquejats,{total} aldaketak · {with_conflicts} gatazkekin · {locked} blokeatuta,{total} cambios · {with_conflicts} con conflictos · {locked} candado,{total} cambios · {with_conflicts} con conflictos · {locked} bloqueados,{total} changes · {with_conflicts} with conflicts · {locked} locked,{total} changes · {with_conflicts} with conflicts · {locked} locked,{total} changes · {with_conflicts} with conflicts · {locked} locked,{total} changes · {with_conflicts} with conflicts · {locked} locked,{total} changes · {with_conflicts} with conflicts · {locked} locked
federation_changes_title,Canvis federatius,Aldaketa federalak,Federación Mudanzas,Cambios federativos,Alterações da federação,Modifications fédération,Modifiche federazione,Canvis federatius,Verbandsänderungen
forgot_back_login,← Tornar a l’accés,← Sarbidera itzuli,← Volver ao acceso,← Volver al acceso,← Voltar ao acesso,← Retour à la connexion,← Torna all’accesso,← Back to sign-in,← Zurück zur Anmeldung
forgot_done,"Si les dades són correctes, rebràs un correu amb un enllaç per definir una contrasenya nova (caduca en 1 h).","Informazioa zuzena bada, pasahitz berri bat ezartzeko esteka duen mezu elektroniko bat jasoko duzu (ordubete barru iraungitzen da).","Se os datos son correctos, recibirás unha chamada (caduca en 1 h).","Si los datos son correctos, recibirás un correo con un enlace para definir una contraseña nueva (caduca en 1 h).","Se os dados estiverem corretos, receberás uma ligação (expira em 1 h).","Si les données sont correctes, vous recevrez un lien (expire dans 1 h).","Se i dati sono corretti, riceverai un link (scade tra 1 h).","If the details are correct, you’ll get an email with a link to set a new password (expires in 1 h).","Wenn die Daten stimmen, erhältst du einen Link (gültig 1 Std.)."
forgot_done_local,"Si les dades són correctes, s’ha generat l’enllaç. Encara no hi ha correu real configurat: l’enllaç queda a la bandeja local del servidor (data/mail_outbox.jsonl).","Datuak zuzenak badira, esteka sortu da. Ez da oraindik benetako posta elektronikorik konfiguratu: esteka zerbitzariaren tokiko sarrera-ontzian geratzen da (data/mail_outbox.jsonl).","Se os datos son correctos, xerouse a ligazón. O correo electrónico real aínda non está configurado: a ligazón está na caixa local do servidor (data/mail_outbox.jsonl).","Si los datos son correctos, se ha generado el enlace. Aún no hay correo real configurado: el enlace queda en la bandeja local del servidor (data/mail_outbox.jsonl).","Se os dados estiverem corretos, foi gerado o link. O e-mail real ainda não está configurado: o link fica na caixa local do servidor (data/mail_outbox.jsonl).","Si les données sont correctes, le lien a été généré. L'e-mail réel n'est pas encore configuré : le lien est dans la boîte locale du serveur (data/mail_outbox.jsonl).","Se i dati sono corretti, il link è stato generato. L'email reale non è ancora configurata: il link è nella casella locale del server (data/mail_outbox.jsonl).","If the details are correct, the link was generated. Real email is not configured yet: the link is in the server local outbox (data/mail_outbox.jsonl).","Wenn die Daten stimmen, wurde der Link generiert. Echte E-Mail ist noch nicht konfiguriert: Der Link ist im lokalen Postausgang des Servers (data/mail_outbox.jsonl)."
forgot_email,Correu del club,Klubaren posta elektronikoa,Club email,Correo del club,Email do clube,E-mail du club,Email del club,Club email,Club-E-Mail
forgot_heading,Recuperar contrasenya,Pasahitza berreskuratu,Recuperar o contrasinal,Recuperar contraseña,Recuperar palavra-passe,Récupérer le mot de passe,Recupera password,Reset password,Passwort zurücksetzen
forgot_hint,"Introdueix el codi de club i el correu registrat. Si coincideixen, t’enviarem un enllaç.","Sartu zure klubaren kodea eta erregistratutako helbide elektronikoa. Bat badatoz, esteka bat bidaliko dizugu.","Por favor, introduza o seu código do club e correo electrónico rexistrado.","Introduce el código de club y el correo registrado. Si coinciden, te enviaremos un enlace.",Introduz o código do clube e o email registado.,Entrez le code club et l’e-mail enregistré.,Inserisci il codice club e l’email registrata.,"Enter your club code and registered email. If they match, we’ll send a link.",Gib Clubcode und registrierte E-Mail ein.
forgot_submit,Enviar enllaç,Bidali esteka,Enviar ligazón,Enviar enlace,Enviar ligação,Envoyer le lien,Invia link,Send link,Link senden
forgot_title,AtempoSports — Recuperar accés,AtempoSports — Sarbidea berreskuratu,AtempoSports — Recuperar acceso,AtempoSports — Recuperar acceso,AtempoSports — Recuperar acesso,AtempoSports — Récupérer l’accès,AtempoSports — Recupera accesso,AtempoSports — Reset access,AtempoSports — Zugang wiederherstellen
guide_link,Guia ràpida,Gida azkarra,Guía rápida,Guía rápida,Guia rápido,Guide rapide,Guida rapida,Quick guide,Kurzanleitung
guide_title,AtempoSports — Guia ràpida,AtempoSports — Gida azkarra,AtempoSports — Guía rápida,AtempoSports — Guía rápida,AtempoSports — Guia rápido,AtempoSports — Guide rapide,AtempoSports — Guida rapida,AtempoSports — Quick guide,AtempoSports — Kurzanleitung
help_empty,No hi ha resultats,Ez dago emaitzarik,Non hai resultados,No hay resultados,Sem resultados,Aucun résultat,Nessun risultato,No results,Keine Ergebnisse
help_heading,Manual d’ús,Erabiltzaile-gida,Manual de uso,Manual de uso,Manual de utilização,Manuel d'utilisation,Manuale d'uso,User manual,Bedienungsanleitung
help_link,Ajuda,Laguntza,Axuda,Ayuda,Ajuda,Aide,Aiuto,Help,Hilfe
help_related,Ves a la pantalla →,Joan pantailara →,Ir á pantalla →,Ir a la pantalla →,Ir para o ecrã →,Aller à l'écran →,Vai alla schermata →,Go to screen →,Zum Bildschirm →
help_search,Cerca,Bilatu,Buscar,Buscar,Pesquisar,Rechercher,Cerca,Search,Suchen
help_search_placeholder,Busca una pregunta…,Bilatu galdera bat...,Busca unha pregunta...,Busca una pregunta…,Pesquisa uma pergunta...,Rechercher une question…,Cerca una domanda…,Search a question…,Frage suchen…
help_title,AtempoSports — Ajuda,AtempoSports — Laguntza,AtempoSports — Axuda,AtempoSports — Ayuda,AtempoSports — Ajuda,AtempoSports — Aide,AtempoSports — Aiuto,AtempoSports — Help,AtempoSports — Hilfe
home_alts,Horaris alternatius sense conflicte,Gatazkarik gabeko ordutegi alternatiboak,Tempos alternativos,Horarios alternativos sin conflicto,Horários alternativos,Horaires alternatifs,Orari alternativi,Alternative times,Alternativtermine
home_alts_hint,Partits amb opcions de canvi (encara no aplicats),Aldaketa-aukerak dituzten bat etortzeak (oraindik aplikatu gabeak),Sen conflitos · ver conflitos,Partidos con opciones de cambio (aún no aplicados),Sem conflito · ver conflitos,Sans conflit · voir les conflits,Senza conflitto · vedi conflitti,Conflict-free · see conflicts,Ohne Konflikt · Konflikte ansehen
home_away,Visitant,Bisitaria,Fóra,Visitante,Fora,Extérieur,Trasferta,Away,Auswärts
home_calendar_loaded,Calendari carregat,Egutegia kargatu da,Calendario cargado,Calendario cargado,Calendário carregado,Calendrier chargé,Calendario caricato,Calendar loaded,Kalender geladen
home_conflicts,Conflictes detectats,Detektatutako gatazkak,Conflitos detectados,Conflictos detectados,Conflitos detetados,Conflits détectés,Conflitti rilevati,Conflicts found,Erkannte Konflikte
home_conflicts_unique,Conflictes únics,Gatazka bereziak,Conflitos únicos,Conflictos únicos,Conflitos únicos,Conflits uniques,Conflitti unici,Unique conflicts,Einzigartige Konflikte
home_fed_attention,Atenció:,Adi:,Atención,Atención:,Atenção:,Attention :,Attenzione:,Atenció:,Achtung:
home_fed_changes,hi ha {n} canvi d’horari federatiu. El calendari ja els reflecteix.,Federazioaren egutegian {n} aldaketa bat dago. Egutegiak dagoeneko islatzen du hori.,existe {n} cambio de horario de federación. O calendario xa os reflicte.,hay {n} cambio de horario federativo. El calendario ya los refleja.,há {n} alteração de horário da federação. O calendário já as reflete.,il y a {n} changement d'horaire fédératif. Le calendrier les reflète déjà.,c'è {n} modifica orario federativa. Il calendario le riflette già.,hi ha {n} canvi d’horari federatiu. El calendari ja els reflecteix.,Es gibt {n} Verbandszeitplan-Änderung. Der Kalender spiegelt sie bereits wider.
home_fed_changes_pl,hi ha {n} canvis d’horari federatiu. El calendari ja els reflecteix.,Federazioaren egutegian {n} aldaketak daude. Egutegiak dagoeneko islatzen ditu.,hai {n} cambios de hora da federación. O calendario xa os reflicte.,hay {n} cambios de horario federativo. El calendario ya los refleja.,há {n} alterações de horário da federação. O calendário já as reflete.,il y a {n} changements d'horaire fédératif. Le calendrier les reflète déjà.,ci sono {n} modifiche orario federative. Il calendario le riflette già.,hi ha {n} canvis d’horari federatiu. El calendari ja els reflecteix.,Es gibt {n} Verbandszeitplan-Änderungen. Der Kalender spiegelt sie bereits wider.
home_fed_conflicts,Alguns generen conflictes.,Batzuek gatazkak sortzen dituzte.,Algúns xeran conflitos.,Algunos generan conflictos.,Algumas geram conflitos.,Certains génèrent des conflits.,Alcune generano conflitti.,Alguns generen conflictes.,Einige erzeugen Konflikte.
home_fed_view,Veure canvis →,Ikusi aldaketak →,Vexa os cambios →,Ver cambios →,Ver alterações →,Voir les changements →,Vedi modifiche →,Veure canvis →,Änderungen anzeigen →
home_hard,Conflictes greus,Gatazka larriak,Conflitos graves,Conflictos graves,Conflitos graves,Conflits graves,Conflitti gravi,Serious conflicts,Schwere Konflikte
home_local,Local,Tokikoa,Casa,Local,Casa,Domicile,Casa,Home,Heim
home_matches,Partits,Partiduak,Partida,Partidos,Jogos,Matchs,Partite,Games,Spiele
home_no_matches,Encara no hi ha partits en aquesta temporada.,Ez dago partidarik denboraldi honetan oraindik.,Esta temporada aínda non hai partidos.,Aún no hay partidos en esta temporada.,Ainda não há jogos nesta época.,Aucun match dans cette saison pour le moment.,Non ci sono ancora partite in questa stagione.,No games in this season yet.,In dieser Saison gibt es noch keine Spiele.
home_no_season,Sense temporada activa,Ez dago denboraldi aktiborik,Sen tempada activa,Sin temporada activa,Sem época ativa,Aucune saison active,Nessuna stagione attiva,No active season,Keine aktive Saison
home_no_season_hint,Crea o activa una temporada a Temporada.,Sortu edo aktibatu denboraldi bat Denboraldian.,Crea ou activa unha época en Época.,Crea o activa una temporada en Temporada.,Cria ou ativa uma época em Época.,Créez ou activez une saison dans Saison.,Crea o attiva una stagione in Stagione.,Create or activate a season under Season.,Erstelle oder aktiviere eine Saison unter Saison.
home_occurrences,ocurrències,gertakariak,Acesos,ocurrencias,ocorrências,occurrences,occorrenze,occurrences,Vorkommnisse
home_quick_actions,Accions ràpides,Ekintza azkarra,Accións rápidas,Acciones rápidas,Quick actions,Quick actions,Quick actions,Quick actions,Quick actions
home_season,Temporada,Denboraldia,Época,Temporada,Época,Saison,Stagione,Season,Saison
home_seasons,Temporades,Partekatze- tasa:,Tempadas,Temporadas,Épocas,Saisons,Stagioni,Seasons,Saisons
home_see_all,Veure'ls tots,Ikusi guztiak,Ver todos,Ver todos,Ver todos,Voir tout,Vedi tutti,See all,Alle anzeigen
home_setup_check,Revisar configuració,Berrikusi ezarpenak,Comprobar a configuración,Revisar configuración,Check setup,Check setup,Check setup,Check setup,Check setup
home_soft,Avisos,Oharrak,Advertencias,Avisos,Avisos,Alertes,Avvisi,Warnings,Hinweise
home_soft_hint,Conflictes lleus,Gatazka txikiak,Conflitos leves,Conflictos leves,Conflitos suaves,Conflits légers,Conflitti lievi,Soft conflicts,Weiche Konflikte
home_unique,únics,bakarra,Sós,únicos,únicos,uniques,unici,unique,einzigartig
horizon_later,Més endavant,Geroago,Máis tarde,Más adelante,Mais tarde,Plus tard,Più tardi,Later,Später
horizon_m1,Proper mes,Hurrengo hilabetean,Este mes,Próximo mes,Este mês,Ce mois,Questo mese,This month,Dieser Monat
horizon_m2,Següent mes,& Hurrengo hilabetea,O próximo mes,Mes siguiente,Próximo mês,Mois prochain,Prossimo mese,Next month,Nächster Monat
horizon_m3,D'aquí a 2 mesos,2 hilabete,A 2 mois de désormais,En 2 meses,Daqui a 2 meses,Dans 2 mois,Tra 2 mesi,In 2 months,In 2 Monaten
horizon_undated,Sense data,Datarik ez,Data da operación,Sin fecha,Sem data,Pas de date,Senza data,No date,Kein Datum
import_alias_heading,1. Àlies d'equip,1. Taldeko Aliasa,1. alias de equipo,1. Alias de equipo,1. Aliases de equipa,1. Alias d'équipe,1. Alias squadra,1. Àlies d'equip,1. Team-Aliasse
import_comp_heading,2. Importar competició,2. Inportazioen lehia,2. Competición de importación,2. Importar competición,2. Importar competição,2. Importer une compétition,2. Importa competizione,2. Importar competició,2. Wettbewerb importieren
import_continue_linking,Continuar i vincular equips,Jarraitu eta taldeak lotu,Continuar e vincular equipos,Continuar y vincular equipos,Continuar e vincular equipas,Continuer et lier les équipes,Continua e collega squadre,Continuar i vincular equips,Weiter und Teams verknüpfen
import_created,Nous,Berria,Novo,Nuevos,Novos,Nouveaux,Nuovi,Nous,Neu
import_external_name_label,Nom a la federació (tal qual al calendari),Izena federazioan (egutegian bezala),Nome na federao (como no calendrio),Nombre en federación (tal cual en el calendario),Nome na federação (tal como no calendário),Nom dans la fédération (tel quel dans le calendrier),Nome nella federazione (così come nel calendario),Nom a la federació (tal qual al calendari),Name beim Verband (genau wie im Kalender)
import_external_name_ph,ex. SHUM ACERKO / SHUM FRIT RAVICH,adib. SHUM ACERKO / SHUM FRIT RAVICH,e.g. xum ACERKO / xum Frit RAVICH,ej. SHUM ACERKO / SHUM FRIT RAVICH,ex. SHUM ACERKO / SHUM FRIT RAVICH,ex. SHUM ACERKO / SHUM FRIT RAVICH,es. SHUM ACERKO / SHUM FRIT RAVICH,ex. SHUM ACERKO / SHUM FRIT RAVICH,z. B. SHUM ACERKO / SHUM FRIT RAVICH
import_fecapa_error,No s'ha pogut llistar FECAPA:,Ezin izan da FECAPA zerrendatu:,Non foi posíbel enumerar FECAPA:,No se pudo listar FECAPA:,Não foi possível listar a FECAPA:,Impossible de lister la FECAPA :,Impossibile elencare FECAPA:,No s'ha pogut llistar FECAPA:,FECAPA konnte nicht aufgelistet werden:
import_fecapa_heading,FECAPA (primeres competicions),FECAPA (lehenengo lehiaketak),FECAPA (primeiras competicións),FECAPA (primeras competiciones),FECAPA (primeiras competições),FECAPA (premières compétitions),FECAPA (prime competizioni),FECAPA (primeres competicions),FECAPA (erste Wettbewerbe)
import_fetched,Descarregats,Deskargatuta,Descargado,Descargados,Descarregados,Téléchargés,Scaricati,Descarregats,Heruntergeladen
import_idc_label,IDC competició,IDC lehiaketa,Competición IDC,IDC competición,IDC competição,IDC compétition,IDC competizione,IDC competició,Wettbewerb-IDC
import_idc_ph,10,10,10,10,10,10,10,10,10
import_intro,"RFEP i FECAPA via Sidgad. Primer mapa el nom exacte de l'equip a cada federació, després importa la competició (idc).","RFEP eta FECAPA Sidgad bidez. Lehenik, mapatu taldearen izen zehatza federazio bakoitzean, eta gero inportatu lehiaketa (idc).","RFEP e FECAPA vía Sidgad. Primeiro traza o nome exacto do equipo en cada federación, despois importa a competición (idc).","RFEP y FECAPA vía Sidgad. Primero mapea el nombre exacto del equipo en cada federación, luego importa la competición (idc).","RFEP e FECAPA via Sidgad. Primeiro mapeia o nome exato da equipa em cada federação, depois importa a competição (idc).","RFEP et FECAPA via Sidgad. D'abord, associe le nom exact de l'équipe dans chaque fédération, puis importe la compétition (idc).","RFEP e FECAPA via Sidgad. Prima mappa il nome esatto della squadra in ogni federazione, poi importa la competizione (idc).","RFEP i FECAPA via Sidgad. Primer mapa el nom exacte de l'equip a cada federació, després importa la competició (idc).","RFEP und FECAPA via Sidgad. Ordne zuerst den genauen Namen des Teams in jedem Verband zu, dann importiere den Wettbewerb (idc)."
import_known_rfep,RFEP habitual: ,Ohiko RFEP:,RFEP habituais:,RFEP habitual: ,RFEP habitual: ,RFEP habituel : ,RFEP abituale: ,RFEP habitual: ,RFEP üblich: 
import_label_optional,Etiqueta (opcional),Etiketa (aukerakoa),Etiqueta (opcional),Etiqueta (opcional),Etiqueta (opcional),Étiquette (optionnelle),Etichetta (opzionale),Etiqueta (opcional),Etikett (optional)
import_label_ph,Nacional Catalana Masculina,Kataluniako Gizonezkoen Txapelketa Nazionala,Catalunha Men's National,Nacional Catalana Masculina,Nacional Catalana Masculina,Nacional Catalana Masculina,Nacional Catalana Masculina,Nacional Catalana Masculina,Nacional Catalana Masculina
import_link_choose,tria,aukeratu,elixir,elige,escolhe,choisis,scegli,tria,wählen
import_link_create_new,O crear nou,Sortu berria,O CREAR NUEVO,O crear nuevo,Ou criar nova,Ou créer une nouvelle,O crea nuova,O crear nou,Oder neu erstellen
import_link_internal,Equips del coordinador,Koordinatzaileen taldeak.,Coordinador Equipos,Equipos del coordinador,Equipas do coordenador,Équipes du coordinateur,Squadre del coordinatore,Equips del coordinador,Koordinator-Teams
import_link_intro,"Fes clic a la cel·la central de l'equip del coordinador i després Ctrl + clic al nom oficial de la dreta per vincular-lo. Si no existeix, escriu un nom intern a la columna de baix.","Egin klik koordinatzailearen taldearen erdiko gelaxkan, eta ondoren, sakatu Ktrl+klik eskuineko izen ofizialean lotzeko. Existitzen ez bada, idatzi barne-izen bat beheko zutabean.","Prema na cela central do equipo do coordinador e, a continuación, Ctrl + prema no nome oficial da dereita para ligar. Se non existe, escriba un nome interno na columna inferior.","Haz clic en la celda central del equipo del coordinador y luego Ctrl + clic en el nombre oficial de la derecha para vincularlo. Si no existe, escribe un nombre interno en la columna de abajo.","Clica na célula central da equipa do coordenador e depois Ctrl + clique no nome oficial da direita para vincular. Se não existir, escreve um nome interno na coluna de baixo.","Clique sur la cellule centrale de l'équipe du coordinateur, puis Ctrl + clic sur le nom officiel de droite pour le lier. S'il n'existe pas, écris un nom interne dans la colonne du bas.","Clicca sulla cella centrale della squadra del coordinatore e poi Ctrl + clic sul nome ufficiale a destra per collegarlo. Se non esiste, scrivi un nome interno nella colonna in basso.","Fes clic a la cel·la central de l'equip del coordinador i després Ctrl + clic al nom oficial de la dreta per vincular-lo. Si no existeix, escriu un nom intern a la columna de baix.","Klicke auf die mittlere Zelle des Koordinator-Teams und dann Strg + Klick auf den offiziellen Namen rechts, um ihn zu verknüpfen. Wenn er nicht existiert, schreibe einen internen Namen in die untere Spalte."
import_link_new_name,Nom intern,Barne Izena,Nome interno,Nombre interno,Nome interno,Nom interne,Nome interno,Nom intern,Interner Name
import_link_official,Noms oficials,Izen ofizialak,Nomes oficiais,Nombres oficiales,Nomes oficiais,Noms officiels,Nomi ufficiali,Noms oficials,Offizielle Namen
import_link_official_hint,Ctrl + clic per vincular a la cel·la seleccionada,Ktrl + klik hautatutako gelaxkara estekatzeko,Ctrl+click para ligar a cela seleccionada,Ctrl + clic para vincular a la celda seleccionada,Ctrl + clique para vincular à célula selecionada,Ctrl + clic pour lier à la cellule sélectionnée,Ctrl + clic per collegare alla cella selezionata,Ctrl + clic per vincular a la cel·la seleccionada,"Strg + Klick, um mit der ausgewählten Zelle zu verknüpfen"
import_link_save_and_import,Guardar vinculacions i importar,Gorde estekak eta inportatu,Guardar enlaces e importar,Guardar vinculaciones e importar,Guardar vinculações e importar,Enregistrer les liaisons et importer,Salva collegamenti e importa,Guardar vinculacions i importar,Verknüpfungen speichern und importieren
import_link_status_first,Primer clica una cel·la de la columna central.,"Lehenik eta behin, egin klik erdiko zutabeko gelaxka batean.",Primeiro fai clic nunha cela da columna central.,Primero haz clic en una celda de la columna central.,Primeiro clica numa célula da coluna central.,"D'abord, clique sur une cellule de la colonne centrale.",Prima clicca una cella della colonna centrale.,Primer clica una cel·la de la columna central.,Klicke zuerst eine Zelle der mittleren Spalte.
import_link_status_linked,Vinculat:,Mugatua:,Vinculados:,Vinculado:,Vinculado:,Lié :,Collegato:,Vinculat:,Verknüpft:
import_link_status_selected,Has seleccionat:,Hautatu duzu:,Has seleccionado:,Has seleccionado:,Selecionaste:,Tu as sélectionné :,Hai selezionato:,Has seleccionat:,Du hast ausgewählt:
import_link_target,Vincular,Esteka,Ligazón,Vincular,Vincular,Lier,Collega,Vincular,Verknüpfen
import_link_target_hint,Clica una cel·la per seleccionar-la,Egin klik gelaxka batean hautatzeko,Fai clic nunha cela para seleccionalo,Haz clic en una celda para seleccionarla,Clica numa célula para selecioná-la,Clique sur une cellule pour la sélectionner,Clicca una cella per selezionarla,Clica una cel·la per seleccionar-la,"Klicke eine Zelle an, um sie auszuwählen"
import_link_title,Vincular equips federatius,Talde federatuak lotzea,Enlace equipos federativos,Vincular equipos federativos,Vincular equipas federativas,Lier les équipes fédérales,Collega squadre federali,Vincular equips federatius,Verbandsmannschaften verknüpfen
import_link_unlinked,Oficials sense vincular,Loturarik gabeko funtzionarioak,Funcionarios sen vinculación,Oficiales sin vincular,Oficiais sem vincular,Officiels non liés,Ufficiali non collegati,Oficials sense vincular,Nicht verknüpfte Offizielle
import_link_unlinked_hint,Escriu un nom intern per crear un equip nou,Sartu barne-izen bat talde berri bat sortzeko,Escribe un nome interno para crear un novo equipo,Escribe un nombre interno para crear un equipo nuevo,Escreve um nome interno para criar uma nova equipa,Écris un nom interne pour créer une nouvelle équipe,Scrivi un nome interno per creare una nuova squadra,Escriu un nom intern per crear un equip nou,"Schreibe einen internen Namen, um ein neues Team zu erstellen"
import_linked_heading,Fonts enllaçades,Iturri lotuak,Fontes enlazadas,Fuentes enlazadas,Fontes vinculadas,Sources liées,Fonti collegate,Fonts enllaçades,Verknüpfte Quellen
import_lv_away,V,Or,F,V,F,E,T,V,A
import_lv_home,L,Al,C,L,C,D,C,L,H
import_matched,Dels teus equips,Zuen taldeetatik.,Dos seus equipos,De tus equipos,Das tuas equipas,De tes équipes,Delle tue squadre,Dels teus equips,Von deinen Teams
import_no_aliases,Cap encara,Oraindik bat ere ez,Ningún aínda,Ninguno aún,Nenhum ainda,Aucun pour l'instant,Nessuno ancora,Cap encara,Noch keine
import_no_listing,Sense llistat,Ez dago zerrendarik,Non hai listaxe,Sin listado,Sem listagem,Aucun listage,Nessun elenco,Sense llistat,Keine Auflistung
import_no_sources,Cap,Bat ere ez,Nada,Ninguna,Nenhuma,Aucune,Nessuna,Cap,Keine
import_result_heading,Resultat,Emaitza,Saída,Resultado,Resultado,Résultat,Risultato,Resultat,Ergebnis
import_save_alias,Desar àlies,Gorde ezizena,Gardar o alcume,Guardar alias,Guardar alias,Enregistrer l'alias,Salva alias,Desar àlies,Alias speichern
import_saved_heading,Àlies desats,Ezizena gordeta,Aliases gardados,Alias guardados,Aliases guardados,Alias enregistrés,Alias salvati,Àlies desats,Gespeicherte Aliasse
import_showing_80,Mostrant 80 de,80 erakusten,Mostrando 80 de,Mostrando 80 de,A mostrar 80 de,Affichage de 80 sur,Mostra 80 di,Mostrant 80 de,Zeige 80 von
import_source_label,Font,Iturburua,Fonte,Fuente,Fonte,Source,Fonte,Font,Quelle
import_team_label,Equip AtempoSports,AtempoSports Taldea,Equipo AtempoSports,Equipo AtempoSports,Equipa AtempoSports,Équipe AtempoSports,Squadra AtempoSports,Equip AtempoSports,AtempoSports-Team
import_th_action,Acció,Ekintza,Acción,Acción,Ação,Action,Azione,Acció,Aktion
import_th_date,Data,Data,Data,Fecha,Data,Date,Data,Data,Datum
import_th_external,Nom federació,Federazio izena,Federación de nomes,Nombre federación,Nome federação,Nom fédération,Nome federazione,Nom federació,Verbandsname
import_th_idc,IDC,IDC,IDC,IDC,IDC,IDC,IDC,IDC,IDC
import_th_jornada,J,Og.,J,J,J,J,G,J,S
import_th_lv,L/V,Astelehenetik ostiralera,C/F,L/V,C/F,D/E,C/T,L/V,H/A
import_th_name,Nom,Izena,Nome,Nombre,Nome,Nom,Nome,Nom,Name
import_th_opponent,Rival,Aurkaria,Contrincante,Rival,Adversário,Adversaire,Avversario,Rival,Gegner
import_th_source,Font,Iturburua,Fonte,Fuente,Fonte,Source,Fonte,Font,Quelle
import_th_team,Equip,Taldea,Equipo,Equipo,Equipa,Équipe,Squadra,Equip,Team
import_th_time,Hora,Ordua,Hora,Hora,Hora,Heure,Ora,Hora,Uhrzeit
import_title,Importar federació,Inportazio federazioa,Federación de Importación,Importar federación,Importar federação,Importer la fédération,Importa federazione,Importar federació,Verband importieren
import_updated,Actualitzats,Eguneratua,Actualizado,Actualizados,Atualizados,Mis à jour,Aggiornati,Actualitzats,Aktualisiert
lang_label,Idioma,Hizkuntza,Locale,Idioma,Idioma,Langue,Lingua,Language,Sprache
login_error,No s'ha pogut accedir. Revisa el codi de club i la contrasenya.,"Ezin izan da sarbidea eman. Mesedez, egiaztatu zure klubaren kodea eta pasahitza.",Non foi posíbel acceder. Comproba o código do club e o contrasinal.,No se ha podido acceder. Revisa el código de club y la contraseña.,Não foi possível aceder. Verifica o código do clube e a palavra-passe.,Connexion impossible. Vérifiez le code du club et le mot de passe.,Accesso non riuscito. Controlla il codice del club e la password.,Couldn't sign in. Check the club code and password.,Anmeldung fehlgeschlagen. Bitte Clubcode und Passwort prüfen.
login_forgot,Has oblidat la contrasenya?,Pasahitza ahaztu al duzu?,Esqueceu o contrasinal?,¿Has olvidado la contraseña?,Esqueceste a palavra-passe?,Mot de passe oublié ?,Hai dimenticato la password?,Forgot your password?,Passwort vergessen?
login_heading,Accés al club,Klubaren sarbidea,Acceso ao club,Acceso al club,Acesso ao clube,Accès au club,Accesso al club,Club access,Clubzugang
login_hint,Introdueix el codi de club i la contrasenya.,Sartu klubaren kodea eta pasahitza.,Introduce o código do club e o contrasinal.,Introduce el código de club y la contraseña.,Introduza o código do clube e a palavra-passe.,Saisissez le code du club et le mot de passe.,Inserisci il codice del club e la password.,Enter your club code and password.,Gib Club-Code und Passwort ein.
login_kicker,Gestió d'horaris esportius,Kirol ordutegien kudeaketa,Gestión de Horarios Deportivos,Gestión de horarios deportivos,Gestão de horários desportivos,Gestion des horaires sportifs,Gestione degli orari sportivi,Sports schedule management,Terminplanung für den Sport
login_lead,Organitza't sense embolics.,Antolatu zaitez arazorik gabe.,Organízate sen molestias.,Organízate sin líos.,Organiza-te sem complicações.,Organisez-vous sans galères.,Organizzati senza pasticci.,Get organized without the mess.,Organisiere dich ohne Chaos.
login_new_here,Ets nou aquí?,Berria zara hemen?,¿Eres nuevo aquí?,¿Eres nuevo aquí?,És novo aqui?,Nouveau ici ?,Nuovo qui?,New here?,Neu hier?
login_password,Contrasenya,Pasahitza,Contrasinal,Contraseña,Palavra-passe,Mot de passe,Password,Password,Passwort
login_register,Registra’t,Izena eman,Rexistrarse,Regístrate,Regista-te,Inscrivez-vous,Registrati,Sign up,Registrieren
login_slug,Codi de club,Klubaren kodea,Código do club,Código de club,Código do clube,Code du club,Codice del club,Club code,Clubcode
login_submit,Entra,Sartu,Entrar,Entrar,Entrar,Entrer,Entra,Enter,Weiter
login_title,AtempoSports — Accés al club,AtempoSports — Klubaren Sarbidea,AtempoSports — Club Acceso,AtempoSports — Acceso al club,AtempoSports — Acesso ao clube,AtempoSports — Accès au club,AtempoSports — Accesso al club,AtempoSports — Club access,AtempoSports — Clubzugang
logout,Surt,Irten,Saír,Salir,Sair,Déconnexion,Esci,Log out,Abmelden
match_change_clean,Aquest canvi no genera conflictes,Aldaketa honek ez du gatazkarik sortzen,Este cambio non xera conflitos,Este cambio no genera conflictos,Esta alteração não gera conflitos,Ce changement ne génère aucun conflit,Questo cambio non genera conflitti,Aquest canvi no genera conflictes,Diese Änderung erzeugt keine Konflikte
match_change_conflicts_count,Aquest canvi genera {count} conflicte(s),Aldaketa honek {count} gatazka(k) sortzen ditu,Este cambio xera o (s) conflito(s) {count},Este cambio genera {count} conflicto(s),Esta alteração gera {count} conflito(s),Ce changement génère {count} conflit(s),Questo cambio genera {count} conflitto/i,Aquest canvi genera {count} conflicte(s),Diese Änderung erzeugt {count} Konflikt(e)
match_clean_alts,Horaris alternatius sense conflicte,Gatazkarik gabeko ordutegi alternatiboak,Tempos alternativos sen conflitos,Horarios alternativos sin conflicto,Horários alternativos sem conflito,Horaires alternatifs sans conflit,Orari alternativi senza conflitto,Horaris alternatius sense conflicte,Alternative Zeiten ohne Konflikt
match_current_conflicts,Conflictes actuals,Gaur egungo gatazkak,Conflitos actuais,Conflictos actuales,Conflitos atuais,Conflits actuels,Conflitti attuali,Conflictes actuals,Aktuelle Konflikte
match_no_conflicts,Sense conflictes en aquest moment,Ez dago gatazkarik une honetan,Sen conflitos neste momento,Sin conflictos en este momento,Sem conflitos neste momento,Aucun conflit pour le moment,Nessun conflitto in questo momento,Sense conflictes en aquest moment,Im Moment keine Konflikte
match_title_short,Partit,"partida bat jokatzera"".",Partit,Partido,Partit,Partit,Partit,Partit,Partit
matches_back_conflict,← Tornar al conflicte,← Gatazkaren atalera itzuli,← Volver ao conflito,← Volver al conflicto,← Back to conflict,← Back to conflict,← Back to conflict,← Back to conflict,← Back to conflict
matches_back_list,← Tornar als partits,← Itzuli partidetara,← Volver á lista,← Volver a los partidos,← Voltar à lista,← Retour à la liste,← Torna all’elenco,← Back to matches,← Zurück zur Liste
matches_calendar_title,Calendari de partits,Partiduen egutegia,Calendario de coincidencias,Calendario de partidos,Calendário de jogos,Calendrier des matchs,Calendario partite,Calendari de partits,Spielkalender
matches_clear,Netejar,Garbitu,Limpar,Limpiar,Limpar,Effacer,Pulisci,Clear,Zurücksetzen
matches_clear_all,Netejar tots els partits,Garbitu partida guztiak,Netejar tots els partits,Limpiar todos los partidos,Netejar tots els partits,Netejar tots els partits,Netejar tots els partits,Netejar tots els partits,Netejar tots els partits
matches_clear_confirm,Confirma: tots els partits s'esborraran del calendari.,Baieztatuta: partida guztiak kenduko dira egutegitik.,Confirma: tots els partits s 'esborraran del calendari.,Confirma: todos los partidos se borrarán del calendario.,Confirma: tots els partits s'esborraran del calendari.,Confirma: tots els partits s'esborraran del calendari.,Confirma: tots els partits s'esborraran del calendari.,Confirma: tots els partits s'esborraran del calendari.,Confirma: tots els partits s'esborraran del calendari.
matches_cleared,Eliminats {n} partits.,{n} partidak kanporatuak.,Elimina os partits {n}.,Eliminados {n} partidos.,Eliminats {n} partits.,Eliminats {n} partits.,Eliminats {n} partits.,Eliminats {n} partits.,Eliminats {n} partits.
matches_empty_period,Cap partit programat en aquest període.,Ez dago partidarik programatuta aldi honetan.,Non hai xogos programados neste período.,Ningún partido programado en este periodo.,Nenhum jogo agendado neste período.,Aucun match programmé sur cette période.,Nessuna partita in questo periodo.,Cap partit programat en aquest període.,Kein Spiel in diesem Zeitraum.
matches_ficha_heading,Fitxa del partit,Partiduaren txostena,Game Token,Ficha del partido,Ficha do jogo,Fiche du match,Scheda partita,Match form,Spielkarte
matches_list_empty,Encara no hi ha partits.,Ez dago partidarik oraindik.,Aínda non hai xogos.,Aún no hay partidos.,Ainda não há jogos.,Pas encore de matchs.,Non ci sono ancora partite.,No matches yet.,Noch keine Spiele.
matches_list_heading,Tria un partit,Aukeratu bat-etortze bat,Escolle un xogo,Elige un partido,Escolhe um jogo,Choisir un match,Scegli una partita,Pick a match,Spiel wählen
matches_mod_editing,"Canvia data, hora o pista i valida la proposta.","Aldatu data, ordua edo jarraipena eta balioztatu proposamena.","Altera data, hora ou rastreamento e valida a proposta.","Cambia fecha, hora o pista y valida la propuesta.","Altera data, hora ou pista e valida a proposta.","Changez date, heure ou piste et validez la proposition.","Cambia data, ora o pista e verifica la proposta.","Change date, time, or rink and check the proposal.","Ändere Datum, Zeit oder Piste und prüfe den Vorschlag."
matches_mod_intro,"Tria un partit de la llista (o cerca’l) per obrir la fitxa i canviar data, hora o pista.","Aukeratu zerrendako bateatze bat (edo bilatu) xehetasunak irekitzeko eta data, ordua edo epaitegia aldatzeko.","Escolla un xogo da lista (ou busca) para abrir o chip e cambiar a data, hora ou pista.","Elige un partido de la lista (o búscalo) para abrir la ficha y cambiar fecha, hora o pista.","Escolhe um jogo da lista (ou procura) para abrir a ficha e alterar data, hora ou pista.","Choisissez un match dans la liste (ou cherchez) pour ouvrir la fiche et changer date, heure ou piste.","Scegli una partita dalla lista (o cercala) per aprire la scheda e cambiare data, ora o pista.","Pick a match from the list (or search) to open its form and change date, time, or rink.","Wähle ein Spiel aus der Liste (oder suche), um die Karte zu öffnen und Datum, Zeit oder Piste zu ändern."
matches_mod_title,Modificar partits,Aldatu bat-etortzeak,Modificar os xogos,Modificar partidos,Modificar jogos,Modifier les matchs,Modifica partite,Edit matches,Spiele ändern
matches_pick_go,Obrir →,Ireki,Abrir,Abrir →,Abrir →,Ouvrir →,Apri →,Open →,Öffnen →
matches_pick_hint,Fes clic en una fila per obrir-ne la fitxa.,Egin klik errenkada batean dagokion fitxa irekitzeko.,Fai clic nunha liña para abrir o token.,Haz clic en una fila para abrir su ficha.,Clica numa linha para abrir a ficha.,Cliquez une ligne pour ouvrir la fiche.,Clicca una riga per aprire la scheda.,Click a row to open its form.,"Klicke eine Zeile, um die Karte zu öffnen."
matches_search_btn,Cercar,Bilatu,Examinar,Buscar,Procurar,Chercher,Cerca,Search,Suchen
matches_search_empty,Cap partit amb aquests criteris.,Ez dago irizpide horiek dituen alderdirik.,Ningunha coincidencia con estes criterios.,Ningún partido con esos criterios.,Nenhum jogo com esses critérios.,Aucun match avec ces critères.,Nessuna partita con questi criteri.,No matches for those criteria.,Keine Spiele mit diesen Kriterien.
matches_search_ph,"Rival, club, pista…","Aurkaria, kluba, epaitegia…","Adversario, club, pista...","Rival, club, pista…","Adversário, clube, pista…","Adversaire, club, piste…","Avversario, club, pista…","Opponent, club, rink…","Gegner, Club, Piste…"
matches_search_q,Text,Testua,Texto,Texto,Texto,Texte,Testo,Text,Text
matches_search_title,Cercar partit,Bilatu bat datorren bat,Xogo de busca,Buscar partido,Procurar jogo,Chercher un match,Cerca partita,Cercar partit,Spiel suchen
nav_calendar,Calendari,Egutegia,Calendario,Calendario,Calendário,Calendrier,Calendario,Calendar,Kalender
nav_club,Club,Kluba,Club,Club,Clube,Club,Club,Club,Verein
nav_conflicts,Conflictes,Gatazkak,Conflitos,Conflictos,Conflitos,Conflits,Conflitti,Conflicts,Konflikte
nav_fed,Calendaris federatius,Federazioko egutegiak,Calendarios federativos,Calendarios federativos,Calendários federativos,Calendriers fédéraux,Calendari federali,Federation calendars,Verbandskalender
nav_home,Inici,Hasiera,Comezar,Inicio,Início,Accueil,Inizio,Home,Start
nav_import,Importar,Inportatu,Importar,Importar,Importar,Importer,Importa,Import,Import
nav_matches,Partits,Partiduak,Partida,Partidos,Jogos,Matchs,Partite,Games,Spiele
nav_people,Persones,Pertsonak,Persoas,Personas,Pessoas,Personnes,Persone,People,Personen
nav_season,Temporada,Denboraldia,Época,Temporada,Época,Saison,Stagione,Season,Saison
nav_teams,Equips,Taldeak,Equipos,Equipos,Equipas,Équipes,Squadre,Teams,Mannschaften
nav_training_groups,Grups d’entrenament,Prestakuntza taldeak,Grupos de formación,Grupos de entrenamiento,Grupos de treino,Groupes d'entraînement,Gruppi allenamento,Grups d’entrenament,Trainingsgruppen
nav_trainings,Entrenaments,Prestakuntza,TRABALLOS,Entrenos,Treinos,Entraînements,Allenamenti,Practices,Training
nav_venues,Pistes,Argibideak,Pistas,Pistas,Pistas,Pistes,Piste,Rinks,Pisten
overlaps_empty,No hi ha solapaments entre aquests equips.,Ez dago gainjartzerik talde hauen artean.,Sen solapamentos para estes equipos.,No hay solapamientos entre estos equipos.,Sem sobreposições para estas equipas.,Aucun chevauchement pour ces équipes.,Nessuna sovrapposizione per queste squadre.,No overlaps for these teams.,Keine Überschneidungen für diese Mannschaften.
overlaps_intro,"Partits el mateix dia o el mateix cap de setmana. Si hi ha reforç o persones compartides, és conflicte greu.","Egun berean edo asteburu berean partidak. Errefortzuak edo jokalari partekatuak badaude, gatazka larria da.",Conflitos no mesmo día ou na mesma fin de semana entre os equipos seleccionados.,"Partidos el mismo día o el mismo fin de semana. Si hay refuerzo o personas compartidas, es conflicto grave.",Conflitos no mesmo dia ou no mesmo fim de semana entre as equipas selecionadas.,Conflits le même jour ou le même week-end entre les équipes sélectionnées.,Conflitti nello stesso giorno o nello stesso fine settimana tra le squadre selezionate.,Same-day or same-weekend clashes between selected teams.,Überschneidungen am selben Tag oder am selben Wochenende zwischen den gewählten Mannschaften.
overlaps_kind_probable,probable,litekeena,Probable solapamento,probable,Sobreposição provável,Chevauchement probable,Sovrapposizione probabile,Likely overlap,Wahrscheinliche Überschneidung
overlaps_kind_reinforce,reforç,indartzaile,BOOSTER,refuerzo,Reforço,Renfort,Rinforzo,Reinforcement,Verstärkung
overlaps_kind_shared,compartides,partekatua,Xente compartida,compartidas,Pessoas partilhadas,Personnes partagées,Persone condivise,Shared people,Geteilte Personen
overlaps_reinforce,Possible reforç,Balizko indartzea,BOOSTER,Posible refuerzo,Reforço,Renfort,Rinforzo,Reinforcement,Verstärkung
overlaps_same_day,Mateix dia,Egun berean,O mesmo día,Mismo día,Mesmo dia,Même jour,Stesso giorno,Same day,Gleicher Tag
overlaps_same_weekend,Mateix cap de setmana,Asteburu berean,O mesmo fin de semana,Mismo fin de semana,Mesmo fim de semana,Même week-end,Stesso fine settimana,Same weekend,Gleiches Wochenende
overlaps_shared,Persones en comú,Jende arrunta,Compartido,Personas en común,Partilhado,Partagé,Condiviso,Shared,Geteilt
overlaps_title,Solapaments entre equips,Ekipamenduen arteko gainjartzeak,Superposicións entre equipos,Solapamientos entre equipos,Sobreposições entre equipas,Chevauchements d'équipes,Sovrapposizioni tra squadre,Team overlaps,Mannschaftsüberschneidungen
people_add,Afegir persona,Gehitu pertsona,Engadir unha persoa,Añadir persona,Adicionar pessoa,Ajouter une personne,Aggiungi persona,Afegir persona,Person hinzufügen
people_add_unavailability,Afegir indisponibilitat,Gehitu erabilgarri ez egotea,Engadir non dispoñibilidade,Añadir no disponibilidad,Adicionar indisponibilidade,Ajouter une indisponibilité,Aggiungi indisponibilità,Afegir indisponibilitat,Nichtverfügbarkeit hinzufügen
people_all_day,tot el dia,Egunero,Todo o día,todo el día,todo o dia,toute la journée,tutto il giorno,tot el dia,ganzen Tag
people_date,Data,Data,Data,Fecha,Data,Date,Data,Data,Datum
people_empty,Encara no hi ha persones.,Oraindik ez dago jenderik.,Aínda non hai xente.,Aún no hay personas.,Ainda não há pessoas.,Aucune personne pour l'instant.,Ancora nessuna persona.,Encara no hi ha persones.,Noch keine Personen.
people_every,cada,errepikatze- aldia,Procurar,cada,cada,chaque,ogni,cada,jede
people_from,Des de,Hasiera data:,De,Desde,De,De,Da,Des de,Von
people_full_name,Nom complet,Izen osoa,Nome completo,Nombre completo,Nome completo,Nom complet,Nome completo,Nom complet,Vollständiger Name
people_full_name_ph,"Cognom, Nom","Abizena, Izena","Apelido, Nome","Apellido, Nombre","Apelido, Nome","Nom, Prénom","Cognome, Nome","Cognom, Nom","Nachname, Vorname"
people_intro,"Si ja existeix, no es duplica (mateix nom a la temporada). Pots marcar indisponibilitats.","Dagoeneko existitzen bada, ez da bikoiztuta egongo (izen bera denboraldian zehar). Eskuragarritasunik eza markatu dezakezu.","Se xa existe, non está duplicado (o mesmo nome nese momento). Pódense programar interrupcións.","Si ya existe, no se duplica (mismo nombre en la temporada). Puedes marcar no disponibilidades.","Se já existe, não é duplicado (mesmo nome na época). Podes marcar indisponibilidades.","Si elle existe déjà, elle n'est pas dupliquée (même nom dans la saison). Tu peux marquer des indisponibilités.","Se esiste già, non viene duplicato (stesso nome nella stagione). Puoi segnare indisponibilità.","Si ja existeix, no es duplica (mateix nom a la temporada). Pots marcar indisponibilitats.","Wenn sie bereits existiert, wird sie nicht dupliziert (gleicher Name in der Saison). Du kannst Nichtverfügbarkeiten markieren."
people_list,Llistat,Zerrenda,Lista,Listado,Lista,Liste,Elenco,Llistat,Liste
people_no_blocks,Sense bloquejos de disponibilitat,Ez dago erabilgarritasun blokerik,Sen atrancos de dispoñibilidade,Sin bloqueos de disponibilidad,Sem bloqueios de disponibilidade,Aucun blocage de disponibilité,Nessun blocco di disponibilità,Sense bloquejos de disponibilitat,Keine Verfügbarkeitsbeschränkungen
people_paste_already,{n} ja estaven vinculades.,{n} dagoeneko lotuta zeuden.,{n} xa estaven vinculades.,{n} ya estaban vinculadas.,{n} ja estaven vinculades.,{n} ja estaven vinculades.,{n} ja estaven vinculades.,{n} ja estaven vinculades.,{n} ja estaven vinculades.
people_paste_create,Crear persones,Sortu jendea.,Crear persoas,Crear personas,Crear persones,Crear persones,Crear persones,Crear persones,Crear persones
people_paste_created,S'han creat {n} persones noves.,{n} pertsona berriak sortu dira.,S'han creat {n} persoane ninas.,Se han creado {n} personas nuevas.,S'han creat {n} persones noves.,S'han creat {n} persones noves.,S'han creat {n} persones noves.,S'han creat {n} persones noves.,S'han creat {n} persones noves.
people_paste_label,Enganxa els noms,Itsatsi izenak.,Trucos els noms,Pega los nombres,Enganxa els noms,Enganxa els noms,Enganxa els noms,Enganxa els noms,Enganxa els noms
people_paste_linked,S'han vinculat {n} persones a l'equip.,{n} pertsonak taldearekin lotu dira.,S'han vinculat {n} personas a l'equip.,Se han vinculado {n} personas al equipo.,S'han vinculat {n} persones a l'equip.,S'han vinculat {n} persones a l'equip.,S'han vinculat {n} persones a l'equip.,S'han vinculat {n} persones a l'equip.,S'han vinculat {n} persones a l'equip.
people_paste_new_team_branch,Secció del nou equip,Ekipamendu atal berria,Secció del nou equipar,Sección del nuevo equipo,Secció del nou equip,Secció del nou equip,Secció del nou equip,Secció del nou equip,Secció del nou equip
people_paste_new_team_name,Nom del nou equip,Talde berriaren izena,Nom del nou equipar,Nombre del nuevo equipo,Nom del nou equip,Nom del nou equip,Nom del nou equip,Nom del nou equip,Nom del nou equip
people_paste_or_create_team,o crea un equip nou,edo talde berri bat sortu,o crea un equip nou,o crea un equipo nuevo,o crea un equip nou,o crea un equip nou,o crea un equip nou,o crea un equip nou,o crea un equip nou
people_paste_ph,"Un nom per línia, o separats per comes","Izen bat lerro bakoitzeko, edo komaz bereizita","Un nom per linguia, oi separats per vén","Un nombre por línea, o separados por comas","Un nom per línia, o separats per comes","Un nom per línia, o separats per comes","Un nom per línia, o separats per comes","Un nom per línia, o separats per comes","Un nom per línia, o separats per comes"
people_paste_skipped,S'han omès {n} duplicats.,{n} sarrera bikoiztuak ezabatu dira.,S'han omès {n} duplicados.,Se han omitido {n} duplicados.,S'han omès {n} duplicats.,S'han omès {n} duplicats.,S'han omès {n} duplicats.,S'han omès {n} duplicats.,S'han omès {n} duplicats.
people_paste_team_created,S'ha creat l'equip.,Taldea sortu da.,S'ha creat l'equip.,Se ha creado el equipo.,S'ha creat l'equip.,S'ha creat l'equip.,S'ha creat l'equip.,S'ha creat l'equip.,S'ha creat l'equip.
people_paste_team_label,Vincular a equip existent,Lotura lehendik dagoen taldearekin,Ligazón ao equipamento existente,Vincular a equipo existente,Vincular a equip existent,Vincular a equip existent,Vincular a equip existent,Vincular a equip existent,Vincular a equip existent
people_paste_title,Afegir per lots (copiar-pegar),Gehitu multzoka (kopiatu eta itsatsi),Afghir por lotes (copia-toma),Añadir por lotes (copiar y pegar),Afegir per lots (copiar-pegar),Afegir per lots (copiar-pegar),Afegir per lots (copiar-pegar),Afegir per lots (copiar-pegar),Afegir per lots (copiar-pegar)
people_reason,Motiu,Arrazoia,Razón,Motivo,Motivo,Motif,Motivo,Motiu,Grund
people_reason_ph,"feina, viatge…","lana, bidaiak…","traballar, viaxar...","trabajo, viaje…","trabalho, viagem…","travail, voyage…","lavoro, viaggio…","feina, viatge…","Arbeit, Reise…"
people_remove,Treure,Ezabatu,Borrar,Quitar,Remover,Retirer,Rimuovi,Treure,Entfernen
people_role_coach,entrenador/a,entrenatzaile,adestrador,entrenador/a,treinador/a,entraîneur/euse,allenatore/trice,entrenador/a,Trainer/in
people_role_player,jugador/a,jokalari,xogador,jugador/a,jogador/a,joueur/euse,giocatore/trice,jugador/a,Spieler/in
people_specific_date,Data concreta,Data zehatza,Data de concreción,Fecha concreta,Data concreta,Date précise,Data specifica,Data concreta,Konkretes Datum
people_to,Fins a,Amaiera data:,Até,Hasta,Até,À,A,Fins a,Bis
people_type,Tipus,Mota,Tipo,Tipo,Tipo,Type,Tipo,Tipus,Typ
people_weekday,Dia setmanal,Asteguna,Día da semana,Día semanal,Dia da semana,Jour de la semaine,Giorno della settimana,Dia setmanal,Wochentag
people_weekly,Cada setmana,Astero,Semanalmente,Cada semana,Todas as semanas,Chaque semaine,Ogni settimana,Cada setmana,Jede Woche
privacy_heading,Prova i privacitat,Probak eta pribatutasuna,Ensaio e privacidade,Prueba y privacidad,Teste e privacidade,Test et confidentialité,Test e privacy,Trial and privacy,Testphase und Datenschutz
privacy_lead,"Prova tancada, dades del club.","Proba itxita, klubaren xehetasunak.","Proba pechada, datos do club.","Prueba cerrada, datos del club.","Teste fechado, dados do clube.","Test fermé, données du club.","Test chiuso, dati del club.","Closed trial, club data.","Geschlossene Testphase, Vereinsdaten."
privacy_link,Privacitat,Pribatutasuna,Intimidade,Privacidad,Privacidade,Confidentialité,Privacy,Privacy,Datenschutz
privacy_p1,AtempoSports està en beta tancada: només clubs convidats. Aquest any la prova és gratuïta.,AtempoSports beta itxian dago: gonbidatutako klubak bakarrik. Aurten doako proba da.,O AtempoSports está en proba pechada: só clubs invitados. Este ano a proba é gratuíta.,AtempoSports está en beta cerrada: solo clubs invitados. Este año la prueba es gratuita.,O AtempoSports está em teste fechado: apenas clubes convidados. Este ano o teste é gratuito.,"AtempoSports est en test fermé : clubs invités uniquement. Cette année, le test est gratuit.",AtempoSports è in test chiuso: solo club invitati. Quest'anno il test è gratuito.,AtempoSports is in a closed beta: invited clubs only. This year the trial is free.,AtempoSports befindet sich in einer geschlossenen Testphase: nur eingeladene Vereine. Dieses Jahr ist die Testphase kostenlos.
privacy_p2,"Hi guardem horaris, equips, pistes, partits/entrenos i el correu del club per recuperar l’accés. No venem dades.","Sarbidea berreskuratzeko, egutegiak, taldeak, kantxak, partidak/entrenamendu saioak eta klubaren mezu elektronikoak gordetzen ditugu. Ez ditugu datuak saltzen.","Gardamos horarios, equipos, pistas, partidos/prácticas e o correo electrónico do club para recuperar o acceso. Non vendemos datos.","Guardamos horarios, equipos, pistas, partidos/entrenos y el correo del club para recuperar el acceso. No vendemos datos.","Guardamos horários, equipas, pistas, jogos/treinos e o e-mail do clube para recuperar o acesso. Não vendemos dados.","Nous stockons les plannings, les équipes, les pistes, les matchs/entraînements et l'e-mail du club pour la récupération de l'accès. Nous ne vendons pas de données.","Memorizziamo orari, squadre, piste, partite/allenamenti e l'email del club per il recupero dell'accesso. Non vendiamo dati.","We store schedules, teams, venues, matches/trainings and the club email for password recovery. We don’t sell data.","Wir speichern Spielpläne, Mannschaften, Eisbahnen, Spiele/Trainings und die Vereins-E-Mail für die Passwort-Wiederherstellung. Wir verkaufen keine Daten."
privacy_p3,"Només veu les dades del teu club qui hi entra amb el vostre codi, i l’operador (nosaltres) per donar-vos suport.",Zure kodearekin saioa hasten dutenek eta operadoreak (guk) bakarrik ikus ditzakete zure klubaren datuak laguntza emateko.,Só os que introduzan o código do club (e o operador para apoio) ven os datos do club.,"Solo ve los datos de tu club quien entra con vuestro código, y el operador (nosotros) para daros soporte.",Apenas quem entra com o código do clube (e o operador para suporte) vê os dados do clube.,Seules les personnes disposant du code du club (et l'opérateur pour le support) peuvent voir les données du club.,Solo chi entra con il codice del club (e l'operatore per il supporto) vede i dati del club.,Only people with your club code (and the operator for support) can see your club’s data.,Nur Personen mit deinem Vereinscode (und der Betreiber für den Support) können die Daten deines Vereins sehen.
privacy_p4,"Per preguntes o per demanar esborrar el compte del club, contacteu amb qui us ha convidat a la prova.","Galderarik baduzu edo zure klub kontua ezabatzeko eskatzeko, jarri harremanetan ekitaldira gonbidatu zaituen pertsonarekin.","Para preguntas ou para pedirlle que elimine a conta do club, contacte coa persoa que o convidou á proba.","Para preguntas o pedir borrar la cuenta del club, contactad con quien os ha invitado a la prueba.","Para dúvidas ou pedir para apagar a conta do clube, contacta quem te convidou para o teste.","Pour toute question ou pour demander la suppression du compte du club, contacte la personne qui t'a invité au test.","Per dubbi o per chiedere di eliminare l'account del club, contatta chi ti ha invitato al test.","For questions or to delete the club account, contact whoever invited you to the trial.","Bei Fragen oder um den Vereinsaccount zu löschen, wende dich an die Person, die dich zur Testphase eingeladen hat."
privacy_title,AtempoSports — Privacitat,AtempoSports — Pribatutasuna,AtempoSports — Privacidade,AtempoSports — Privacidad,AtempoSports — Privacidade,AtempoSports — Confidentialité,AtempoSports — Privacy,AtempoSports — Privacy,AtempoSports — Datenschutz
pwd_changed_ok,Contrasenya actualitzada.,Pasahitza eguneratu da.,Contrasinal actualizado.,Contraseña actualizada.,Palavra-passe atualizada.,Mot de passe mis à jour.,Password aggiornata.,Password updated.,Passwort aktualisiert.
pwd_confirm,Repeteix la contrasenya,Pasahitza errepikatu,Repetir contrasinal,Repite la contraseña,Repete a palavra-passe,Répétez le mot de passe,Ripeti la password,Repeat password,Passwort wiederholen
pwd_current,Contrasenya actual,Oraingo pasahitza,Contrasinal actual,Contraseña actual,Palavra-passe atual,Mot de passe actuel,Password attuale,Current password,Aktuelles Passwort
pwd_current_bad,La contrasenya actual no és correcta.,Pasahitza ez da zuzena.,O contrasinal actual non é correcto.,La contraseña actual no es correcta.,A palavra-passe atual não está correta.,Le mot de passe actuel est incorrect.,La password attuale non è corretta.,Current password is incorrect.,Das aktuelle Passwort ist falsch.
pwd_mismatch,Les contrasenyes no coincideixen.,Pasahitzak ez datoz bat.,Os contrasinais non coinciden.,Las contraseñas no coinciden.,As palavras-passe não coincidem.,Les mots de passe ne correspondent pas.,Le password non coincidono.,Passwords do not match.,Die Passwörter stimmen nicht überein.
pwd_new,Contrasenya nova,erabiltzailearen pasahitza,Contrasinal novo,Contraseña nueva,Palavra-passe nova,Nouveau mot de passe,Nuova password,New password,Neues Passwort
pwd_too_short,La contrasenya ha de tenir com a mínim 8 caràcters.,Pasahitzak gutxienez {0} karaktere izan behar ditu,O contrasinal debe ter polo menos 8 caracteres.,La contraseña debe tener al menos 8 caracteres.,A palavra-passe deve ter pelo menos 8 caracteres.,Le mot de passe doit contenir au moins 8 caractères.,La password deve avere almeno 8 caratteri.,Password must be at least 8 characters.,Das Passwort muss mindestens 8 Zeichen haben.
register_closed_body,"AtempoSports és en prova tancada. Si el teu club hi participa, et donarem accés nosaltres. Si ja tens codi, ves a Accedir.","AtempoSports beta itxian dago. Zure klubak parte hartzen badu, sarbidea emango dizugu. Kode bat baduzu, joan Hasi saioa atalera.","AtempoSports está en proba pechada. Se o teu club está convidado, crearemos o teu acceso. Se xa tes un código, vai a Iniciar sesión.","AtempoSports está en prueba cerrada. Si tu club participa, os daremos acceso nosotros. Si ya tienes código, ve a Acceder.","O AtempoSports está em teste fechado. Se o teu clube for convidado, nós criamos o teu acesso. Se já tens um código, vai a Entrar.","AtempoSports est en test fermé. Si ton club est invité, nous créerons ton accès. Si tu as déjà un code, va à Connexion.","AtempoSports è in test chiuso. Se il tuo club è invitato, creiamo noi il tuo accesso. Se hai già un codice, vai a Accedi.","AtempoSports is in a closed trial. If your club is invited, we’ll create your access. If you already have a code, go to Sign in.","AtempoSports befindet sich in einer geschlossenen Testphase. Wenn dein Verein eingeladen ist, erstellen wir deinen Zugang. Wenn du bereits einen Code hast, gehe zur Anmeldung."
register_closed_heading,Registre tancat,Izen-ematea itxita,Inscricións pechadas,Registro cerrado,Registo fechado,Inscription fermée,Registrazione chiusa,Sign-up closed,Registrierung geschlossen
register_closed_title,AtempoSports — Registre tancat,AtempoSports — Izen-ematea itxita,AtempoSports — Matrículas fechadas,AtempoSports — Registro cerrado,AtempoSports — Registo fechado,AtempoSports — Inscription fermée,AtempoSports — Registrazione chiusa,AtempoSports — Sign-up closed,AtempoSports — Registrierung geschlossen
register_email_bad,Indica un correu vàlid.,"Mesedez, eman baliozko helbide elektroniko bat.",Indica un email valido.,Indica un correo válido.,Indica um email válido.,Indiquez un e-mail valide.,Indica un’email valida.,Enter a valid email.,Gib eine gültige E-Mail an.
register_email_taken,Aquest correu ja està registrat.,Helbide elektroniko hori dagoeneko erregistratuta dago.,Ese correo electrónico xa está rexistrado.,Ese correo ya está registrado.,Esse email já está registado.,Cet e-mail est déjà enregistré.,Questa email è già registrata.,That email is already registered.,Diese E-Mail ist bereits registriert.
register_failed,No s’ha pogut completar el registre.,Ezin izan da erregistroa osatu.,Non se puido completar a inscrición.,No se ha podido completar el registro.,Não foi possível concluir o registo.,Impossible de terminer l’inscription.,Impossibile completare la registrazione.,Could not complete sign-up.,Registrierung konnte nicht abgeschlossen werden.
register_go_login,Accedir,Sartu,Entrar,Acceder,Entrar,Se connecter,Accedi,Sign in,Anmelden
register_have_account,Ja tens compte?,Baduzu kontua?,Xa tes unha conta?,¿Ya tienes cuenta?,Já tens conta?,Déjà un compte ?,Hai già un account?,Already have an account?,Schon ein Konto?
register_heading,Registre de club,Klubaren erregistroa,Inscrición do club,Registro de club,Registo de clube,Inscription du club,Registrazione club,Club sign-up,Club-Registrierung
register_hint,"Nom del club, correu i contrasenya. Després entraràs amb el codi de club que et generem.","Klubaren izena, helbide elektronikoa eta pasahitza. Ondoren, sortu dugun klubaren kodearekin saioa hasiko duzu.","Nome do club, correo electrónico e contrasinal. A continuación, introduce o código do club que xeramos.","Nombre del club, correo y contraseña. Luego entrarás con el código de club que generamos.","Nome do clube, email e palavra-passe. Depois entras com o código de clube que geramos.","Nom du club, e-mail et mot de passe. Ensuite vous vous connecterez avec le code club généré.","Nome del club, email e password. Poi accederai con il codice club generato.","Club name, email and password. Then you’ll sign in with the club code we generate.","Clubname, E-Mail und Passwort. Danach meldest du dich mit dem generierten Clubcode an."
register_lead,Crea l’accés del teu club.,Sortu zure kluberako sarbidea.,Crea o teu club de acceso.,Crea el acceso de tu club.,Cria o acesso do teu clube.,Créez l’accès de votre club.,Crea l’accesso del tuo club.,Create your club access.,Erstelle den Zugang für deinen Club.
register_name,Nom del club,Klubaren izena,Nome do club,Nombre del club,Nome do clube,Nom du club,Nome del club,Club name,Clubname
register_name_short,Indica el nom del club.,Adierazi klubaren izena.,Indica o nome do club.,Indica el nombre del club.,Indica o nome do clube.,Indiquez le nom du club.,Indica il nome del club.,Enter the club name.,Gib den Clubnamen an.
register_name_taken,Ja hi ha un club amb aquest nom.,Badago jada izen hori duen klub bat.,Un club con ese nome xa existe.,Ya hay un club con ese nombre.,Já existe um clube com esse nome.,Un club avec ce nom existe déjà.,Esiste già un club con questo nome.,A club with that name already exists.,Ein Club mit diesem Namen existiert bereits.
register_password,Crea una contrasenya,Pasahitz bat sortu,Crea un contrasinal,Crea una contraseña,Cria uma palavra-passe,Créez un mot de passe,Crea una password,Create a password,Passwort erstellen
register_submit,Crear compte,Kontua sortu,Crear conta,Crear cuenta,Criar conta,Créer le compte,Crea account,Create account,Konto erstellen
register_title,AtempoSports — Registre de club,AtempoSports — Klubaren Izen-ematea,AtempoSports — Inscrición Club,AtempoSports — Registro de club,AtempoSports — Registo de clube,AtempoSports — Inscription du club,AtempoSports — Registrazione club,AtempoSports — Club sign-up,AtempoSports — Club-Registrierung
reset_done,Contrasenya actualitzada. Ja pots entrar.,Pasahitza eguneratu da. Orain saioa hasi dezakezu.,Actualizouse o contrasinal. Xa se pode iniciar sesión.,Contraseña actualizada. Ya puedes entrar.,Palavra-passe atualizada. Já podes entrar.,Mot de passe mis à jour. Vous pouvez vous connecter.,Password aggiornata. Puoi accedere.,Password updated. You can sign in now.,Passwort aktualisiert. Du kannst dich anmelden.
reset_heading,Nova contrasenya,Pasahitz berria,Contrasinal novo,Nueva contraseña,Nova palavra-passe,Nouveau mot de passe,Nuova password,New password,Neues Passwort
reset_hint,Mínim 8 caràcters.,Gutxienez 8 karaktere.,Mínimo 8 caracteres.,Mínimo 8 caracteres.,Mínimo 8 caracteres.,Au moins 8 caractères.,Almeno 8 caratteri.,At least 8 characters.,Mindestens 8 Zeichen.
reset_invalid,Aquest enllaç no és vàlid o ha caducat. Torna a demanar-ne un.,"Esteka hau baliogabea da edo iraungi egin da. Eskatu berri bat, mesedez.",Esta ligazón non é válida ou caducou.,Este enlace no es válido o ha caducado. Vuelve a solicitar uno.,Esta ligação não é válida ou expirou.,Ce lien n’est pas valide ou a expiré.,Questo link non è valido o è scaduto.,This link is invalid or has expired. Request a new one.,Dieser Link ist ungültig oder abgelaufen.
reset_submit,Desar contrasenya,Gorde & pasahitza,Gardar o contrasinal,Guardar contraseña,Guardar palavra-passe,Enregistrer le mot de passe,Salva password,Save password,Passwort speichern
reset_title,AtempoSports — Nova contrasenya,AtempoSports — Pasahitz berria,AtempoSports — Novo contrasinal,AtempoSports — Nueva contraseña,AtempoSports — Nova palavra-passe,AtempoSports — Nouveau mot de passe,AtempoSports — Nuova password,AtempoSports — New password,AtempoSports — Neues Passwort
rfep_continue_setup,Continuar configuració,Jarraitu konfigurazioa,Continuar coa configuración,Continuar configuración,Continuar configuração,Continuer la configuration,Continua configurazione,Continue setup,Setup fortsetzen
rfep_done_intro,Partits importats. Ja pots seguir amb la configuració del club.,Inportatutako partidak. Orain klubaren konfigurazioarekin jarrai dezakezu.,Completouse a importación.,Partidos importados. Ya puedes seguir con la configuración del club.,Importação concluída.,Importation terminée.,Importazione completata.,Import finished.,Import abgeschlossen.
rfep_examples,"Escriu el nom del club (com a la federació) i tria masculí, femení, etc.","Idatzi klubaren izena (federazioan bezala) eta aukeratu gizonezkoa, emakumezkoa, etab.",Exemplos,"Escribe el nombre del club (como en la federación) y elige masculino, femenino, etc.",Exemplos,Exemples,Esempi,Examples,Beispiele
rfep_import,Importar seleccionats,Gehitu hautatutakoak,Importar escollido,Importar seleccionados,Importar selecionados,Importer la sélection,Importa selezionati,Import selected,Ausgewählte importieren
rfep_intro,"Busca el nom del teu club a la RFEP, marca els equips que són teus (p. ex. masculí i femení) i importa els partits.","Bilatu zure klubaren izena RFEP-n, markatu zureak diren taldeak (adibidez, gizonezkoak eta emakumezkoak) eta inportatu partidak.",Busca o teu club e importa os equipos.,"Busca el nombre de tu club en la RFEP, marca los equipos que son tuyos (p. ej. masculino y femenino) e importa los partidos.",Procura o teu clube e importa as equipas.,Recherche ton club et importe les équipes.,Cerca il tuo club e importa le squadre.,Search your club and import teams.,Suche deinen Verein und importiere die Mannschaften.
rfep_need_pick,Has de marcar com a mínim un equip.,Gutxienez talde bat markatu behar duzu.,"Por favor, elixe polo menos un equipo.",Debes marcar al menos un equipo.,Escolhe pelo menos uma equipa.,Choisis au moins une équipe.,Scegli almeno una squadra.,Pick at least one team.,Wähle mindestens eine Mannschaft aus.
rfep_no_hits,No s'ha trobat cap equip amb aquest text a la temporada actual.,Testu honekin ez da talderik aurkitu oraingo denboraldian.,Non hai saída.,No se ha encontrado ningún equipo con ese texto en la temporada actual.,Sem resultados.,Aucun résultat.,Nessun risultato.,No results.,Keine Ergebnisse.
rfep_pick_hint,Marca tots els equips del teu club en les competicions que et corresponen.,Markatu zure klubeko talde guztiak dagozkion lehiaketetan.,Seleccione os equipos a importar.,Marca todos los equipos de tu club en las competiciones que te corresponden.,Seleciona as equipas a importar.,Sélectionne les équipes à importer.,Seleziona le squadre da importare.,Select the teams to import.,Wähle die zu importierenden Mannschaften aus.
rfep_rep_matches,del teu club,zure klubekoa,do seu club,de tu club,do teu clube,de ton club,del tuo club,from your club,vom eigenen Verein
rfep_rep_new,partits nous,partida berriak,Novo,partidos nuevos,novo,nouveau,nuovo,new,neu
rfep_search,Cercar,Bilatu,Examinar,Buscar,Procurar,Rechercher,Cerca,Search,Suchen
rfep_search_label,Cerca el club,Kluba bilatu,Nome do club,Busca el club,Nome do clube,Nom du club,Nome del club,Club name,Vereinsname
rfep_search_ph,"Mataró, Noia, Barça…","Mataró, Noia, Barça...",Nome do club...,"Mataró, Noia, Barça…",Nome do clube…,Nom du club…,Nome del club…,Club name…,Vereinsname…
rfep_title,Equips RFEP,RFEP ekipamendua,Conexión coa federación,Equipos RFEP,Ligação à federação,Lien fédération,Collegamento federazione,Federation link,Verbandsverknüpfung
role_coach,entrenador,prestatzailea,Adestrador,entrenador,treinador,entraîneur,allenatore,coach,Trainer
role_player,jugador,jokalaria,Xogador,jugador,jogador,joueur,giocatore,player,Spieler
role_reinforce,reforç,errefortzua,reforzamento,refuerzo,reforço,renfort,rinforzo,reinforce,Verstärkung
season_actual,actual:,oraingoa:,corrente:,actual:,atual:,actuelle :,attuale:,actual:,aktuell:
season_copy_aliases,Copiar àlies federatius,Kopiatu federatutako aliasak,Copiar alias federativos,Copiar alias federativos,Copiar aliases federativos,Copier les alias fédéraux,Copia alias federali,Copiar àlies federatius,Verbandsaliase kopieren
season_copy_btn,Crear còpia,Sortu kopia,Crear unha copia,Crear copia,Criar cópia,Créer une copie,Crea copia,Crear còpia,Kopie erstellen
season_copy_heading,Copiar temporada,Kopiaren denboraldia,Copiar a época,Copiar temporada,Copiar época,Copier la saison,Copia stagione,Copiar temporada,Saison kopieren
season_copy_intro,"Copia persones, equips, vincles, restriccions i àlies. No copia partits ni entrenos.","Kopiatu pertsonak, taldeak, estekak, murrizketak eta aliasak. Ez ditu partidak edo entrenamenduak kopiatzen.","Copia persoas, equipos, ataduras, restricións e alias. Non copia xogos nin practica.","Copia personas, equipos, vínculos, restricciones y alias. No copia partidos ni entrenos.","Copia pessoas, equipas, vinculações, restrições e aliases. Não copia jogos nem treinos.","Copie les personnes, les équipes, les liaisons, les restrictions et les alias. Ne copie pas les matchs ni les entraînements.","Copia persone, squadre, collegamenti, restrizioni e alias. Non copia partite né allenamenti.","Copia persones, equips, vincles, restriccions i àlies. No copia partits ni entrenos.","Kopiert Personen, Mannschaften, Verknüpfungen, Einschränkungen und Aliasse. Kopiert keine Spiele oder Trainingseinheiten."
season_copy_name,Nom nova temporada,Izena denboraldi berriari,Nome da nova tempada,Nombre nueva temporada,Nome da nova época,Nom de la nouvelle saison,Nome nuova stagione,Nom nova temporada,Name neue Saison
season_copy_name_ph,2026/27,2026/27,2026/27,2026/27,2026/27,2026/27,2026/27,2026/27,2026/27
season_copy_unavailability,Copiar indisponibilitats,Kopiatu erabilgarritasunik ezak,Copiar apagamentos,Copiar no disponibilidades,Copiar indisponibilidades,Copier les indisponibilités,Copia indisponibilità,Copiar indisponibilitats,Nichtverfügbarkeiten kopieren
season_export_heading,Exportar,Esportatu,Exportación,Exportar,Exportar,Exporter,Esporta,Exportar,Exportieren
season_export_intro,CSV amb separador ; (s’obre bé a l’Excel).,CSV bereizlearekin ; (Ondo irekitzen da Excel-en).,CSV con separador ; (abre ben en Excel).,CSV con separador ; (abre bien en Excel).,CSV com separador ; (abre bem no Excel).,CSV avec séparateur ; (s'ouvre bien dans Excel).,CSV con separatore ; (si apre bene in Excel).,CSV amb separador ; (s’obre bé a l’Excel).,CSV mit Semikolon ; (lässt sich gut in Excel öffnen).
season_export_matches,Descarregar partits,Deskargatu partidak,Descargar xogos,Descargar partidos,Descarregar jogos,Télécharger les matchs,Scarica partite,Descarregar partits,Spiele herunterladen
season_export_trainings,Descarregar entrenos,Deskargatu prestakuntza,Descargar adestramentos,Descargar entrenos,Descarregar treinos,Télécharger les entraînements,Scarica allenamenti,Descarregar entrenos,Trainingseinheiten herunterladen
season_title,Temporada,Denboraldia,Época,Temporada,Época,Saison,Stagione,Temporada,Saison
setup_add_team,Crear equip,Sortu taldea,Crear equipo,Crear equipo,Criar equipa,Créer une équipe,Crea squadra,Create team,Team anlegen
setup_add_venue,Afegir pista,Gehitu pista,Engadir unha pista,Añadir pista,Adicionar pista,Ajouter une piste,Aggiungi pista,Add rink,Piste hinzufügen
setup_banner,Configuració incompleta: falten persones a cada equip (pots seguir treballant amb el calendari).,Konfigurazio osatugabea: talde bakoitzeko jendea falta da (egutegiarekin lan egin dezakezu oraindik).,Configuración incompleta: falta xente de cada equipo (pódese continuar co calendario).,Configuración incompleta: faltan personas en cada equipo (puedes seguir con el calendario).,Configuração incompleta: faltam pessoas em cada equipa (podes continuar com o calendário).,Configuration incomplète : il manque des personnes dans chaque équipe (vous pouvez continuer avec le calendrier).,Configurazione incompleta: mancano persone in ogni squadra (puoi continuare con il calendario).,Setup incomplete: each team still needs people (you can keep using the calendar).,Einrichtung unvollständig: Teams brauchen noch Personen (Kalender ist nutzbar).
setup_category,Categoria,Kategoria,Categoría,Categoría,Categoria,Catégorie,Categoria,Category,Kategorie
setup_continue,Continuar,Jarraitzeko,Continuar,Continuar,Continuar,Continuer,Continua,Continue,Weiter
setup_done,Configuració completa. Ja pots treballar amb el calendari.,Konfigurazio osoa. Orain egutegiarekin lan egin dezakezu.,Configuración completa. Xa se pode traballar co calendario.,Configuración completa. Ya puedes trabajar con el calendario.,Configuração completa. Já podes trabalhar com o calendário.,Configuration terminée. Vous pouvez travailler avec le calendrier.,Configurazione completa. Puoi lavorare con il calendario.,Setup complete. You can work with the calendar now.,Einrichtung abgeschlossen. Du kannst mit dem Kalender arbeiten.
setup_go_home,Anar a l'inici,Joan hasteko,Ir para emprender,Ir al inicio,Ir ao início,Aller à l'accueil,Vai all'inizio,Go to home,Zur Startseite
setup_import_link,Tinc una llista: importar equips i persones (CSV),Zerrenda bat daukat: inportatu taldeak eta pertsonak (CSV),Teño unha lista: importar equipos e persoas (CSV),Tengo una lista: importar equipos y personas (CSV),Tenho uma lista: importar equipas e pessoas (CSV),J'ai une liste : importer équipes et personnes (CSV),Ho un elenco: importa squadre e persone (CSV),I have a list: import teams and people (CSV),Ich habe eine Liste: Teams und Personen importieren (CSV)
setup_intro,"Abans de continuar, cal el mínim: calendaris RFEP, pistes, equips i persones.","Aurrera egin baino lehen, gutxieneko behar da: RFEP egutegiak, ibilbideak, taldeak eta pertsonak.","Antes de continuar, necesitas o mínimo espido: pistas, equipos e persoas en cada equipo.","Antes de continuar, hace falta lo mínimo: calendarios RFEP, pistas, equipos y personas.","Antes de continuar, é preciso o mínimo: pistas, equipas e pessoas em cada equipa.","Avant de continuer, le minimum est requis : pistes, équipes et personnes dans chaque équipe.","Prima di continuare serve il minimo: piste, squadre e persone in ogni squadra.","Before you continue, you need the basics: rinks, teams, and people on each team.","Bevor es weitergeht, brauchst du das Minimum: Pisten, Teams und Personen in jedem Team."
setup_link_person,Vincular,Lotzeko,Ligazón,Vincular,Vincular,Rattacher,Collega,Link,Verknüpfen
setup_people_heading,3. Persones a cada equip,3. Talde bakoitzeko pertsonak,3.Persoas de cada equipo,3. Personas en cada equipo,3. Pessoas em cada equipa,3. Personnes dans chaque équipe,3. Persone in ogni squadra,3. People on each team,3. Personen in jedem Team
setup_people_hint,"Cada equip necessita com a mínim una persona (jugador, entrenador o reforç).","Talde bakoitzak gutxienez pertsona bat behar du (jokalari, entrenatzaile edo errefortzua).","Cada equipo necesita polo menos unha persoa (xogador, adestrador ou reforzo).","Cada equipo necesita como mínimo una persona (jugador, entrenador o refuerzo).","Cada equipa precisa de pelo menos uma pessoa (jogador, treinador ou reforço).","Chaque équipe a besoin d'au moins une personne (joueur, entraîneur ou renfort).","Ogni squadra richiede almeno una persona (giocatore, allenatore o rinforzo).","Each team needs at least one person (player, coach, or reinforce).","Jedes Team braucht mindestens eine Person (Spieler, Trainer oder Verstärkung)."
setup_person_placeholder,Nom i cognoms,Izena eta abizenak,Nome completo,Nombre y apellidos,Nome completo,Nom complet,Nome e cognome,Full name,Vor- und Nachname
setup_rfep_desc,Triar els teus equips a la federació i carregar partits,Aukeratu zure taldeak federazioan eta kargatu partidak,Turnos no calendario da federación.,Elegir tus equipos en la federación y cargar partidos,Liga o calendário da federação.,Lier le calendrier de la fédération.,Collega il calendario della federazione.,Link the federation calendar.,Verknüpfe den Verbandsspielplan.
setup_role,Rol,Rola,Función,Rol,Função,Rôle,Ruolo,Role,Rolle
setup_step_people,Persones per equip,Talde bakoitzeko pertsonak,Persoas por equipo,Personas por equipo,Pessoas por equipa,Personnes par équipe,Persone per squadra,People per team,Personen pro Team
setup_step_rfep,RFEP,RFEP,Federación,RFEP,Federação,Fédération,Federazione,Federation,Verband
setup_step_teams,Equips,Taldeak,Equipos,Equipos,Equipas,Équipes,Squadre,Teams,Mannschaften
setup_step_venues,Pistes,Pistak,Pistas,Pistas,Pistas,Pistes,Piste,Rinks,Pisten
setup_team_empty,Encara sense persones,Oraindik jenderik ez,Ningunha xente aínda,Aún sin personas,Ainda sem pessoas,Encore aucune personne,Ancora senza persone,No people yet,Noch keine Personen
setup_teams_heading,2. Crea almenys dos equips,2. Gutxienez bi talde sortu,2.Crear como mínimo dos equipos,2. Crea al menos dos equipos,2. Cria pelo menos duas equipas,2. Créez au moins deux équipes,2. Crea almeno due squadre,2. Create at least two teams,2. Mindestens zwei Teams anlegen
setup_teams_hint,Amb un sol equip gairebé no hi ha conflictes. Després vincularàs persones a cada equip.,"Talde bakarrarekin ia ez dago gatazkarik. Ondoren, jendea talde bakoitzarekin lotuko duzu.","Con un só equipo case non hai conflito. A continuación, enlazarás persoas con cada equipo.",Con un solo equipo casi no hay conflictos. Después vincularás personas a cada equipo.,Com uma só equipa quase não há conflitos. Depois vais vincular pessoas a cada equipa.,"Avec une seule équipe, il n'y a presque pas de conflits. Ensuite vous rattacherez des personnes à chaque équipe.",Con una sola squadra quasi non ci sono conflitti. Poi collegherai le persone a ogni squadra.,With only one team there are almost no conflicts. Next you'll link people to each team.,Mit nur einem Team gibt es kaum Konflikte. Danach verknüpfst du Personen mit jedem Team.
setup_title,Configuració inicial,Hasierako konfigurazioa,Configuración inicial,Configuración inicial,Configuração inicial,Configuration initiale,Configurazione iniziale,Initial setup,Ersteinrichtung
setup_venue_name,Nom de la pista,Pistaren izena,Nome da pista,Nombre de la pista,Nome da pista,Nom de la piste,Nome della pista,Rink name,Name der Piste
setup_venue_placeholder,Pista 1,1. pista,Pista 1,Pista 1,Pista 1,Piste 1,Pista 1,Rink 1,Piste 1
setup_venue_share,Permet compartir per defecte,Baimendu lehenespenez partekatzea,Permite compartir por defecto,Permite compartir por defecto,Permite partilhar por defeito,Autoriser le partage par défaut,Consenti condivisione per impostazione predefinita,Allow sharing by default,Standardmäßig Teilen erlauben
setup_venues_heading,1. Afegeix almenys una pista,1. Gehitu gutxienez pista bat,1.Engade polo menos unha pista,1. Añade al menos una pista,1. Adiciona pelo menos uma pista,1. Ajoutez au moins une piste,1. Aggiungi almeno una pista,1. Add at least one rink,1. Mindestens eine Piste hinzufügen
setup_venues_hint,Sense pistes no es pot detectar ocupació d'espai.,Espazio-okupazioa ezin da detektatu pistarik gabe.,Sen pistas non é posible detectar a ocupación do espazo.,Sin pistas no se puede detectar ocupación de espacio.,Sem pistas não é possível detetar ocupação de espaço.,"Sans pistes, l'occupation des espaces ne peut pas être détectée.",Senza piste non si può rilevare l'occupazione degli spazi.,"Without rinks, space conflicts can't be detected.",Ohne Pisten lässt sich die Belegung nicht prüfen.
tagline,Organitza't sense embolics,Antolatu nahaspilarik gabe,Organízate sen molestias,Organízate sin líos,Organiza-te sem complicações,Organisez-vous sans galères,Organizzati senza pasticci,Get organized without the mess,Organisiere dich ohne Chaos
teams_badge_group,Conjunt,Juntadura,Agrupar por,Conjunto,Grupo,Groupe,Gruppo,Group,Gruppe
teams_badge_solape,Releu,Erreleboa,Solape,Relevo,Solape,Relais,Staffetta,Relay,Staffel
teams_branch,Categoria,Kategoria,Sección,Categoría,Secção,Section,Sezione,Section,Bereich
teams_branch_base_female,Base femenina,Emakumezkoen oinarria,Base feminine,Base femenina,Base feminina,Base féminine,Base femminile,Girls' base,Basis Damen
teams_branch_base_mixed,Base mixta,Oinarri mistoa,Base mixta,Base mixta,Base mista,Base mixte,Base mista,Mixed base,Basis Mixed
teams_branch_senior_female,Sènior femení,Senior emakumezkoa,Sénior Feminino,Sénior femenino,Sénior feminino,Senior féminin,Senior femminile,Women's senior,Senior Damen
teams_branch_senior_male,Sènior masculí,Senior gizonezkoa,Sénior Masculino,Sénior masculino,Sénior masculino,Senior masculin,Senior maschile,Men's senior,Senior Herren
teams_bulk_delete_confirm,Eliminar els equips seleccionats? Només s'eliminaran els que no tinguin partits ni entrenaments.,Hautatutako taldeak ezabatu nahi dituzu? Partida edo entrenamendurik ez dutenak soilik ezabatuko dira.,Eliminar os equipos seleccionados? Só se eliminarán os que non teñan partidos nin adestramentos.,¿Eliminar los equipos seleccionados? Solo se eliminarán los que no tengan partidos ni entrenamientos.,Eliminar as equipas selecionadas? Só as que não têm jogos nem treios serão eliminadas.,Supprimer les équipes sélectionnées ? Seules celles sans matchs ni entraînements seront supprimées.,Eliminare le squadre selezionate? Verranno eliminate solo quelle senza partite né allenamenti.,Delete the selected teams? Only those with no matches or trainings will be deleted.,Ausgewählte Mannschaften löschen? Es werden nur solche ohne Spiele und Trainings gelöscht.
teams_category_placeholder,Prebenjamí / Aleví / Fem 15…,Prebenjamí / Aleví / Egin dezagun 15...,Prebenxamín / Alevim / Fem 15...,Prebenjamín / Alevín / Fem 15…,Pré-benjamim / Alevim / Fem 15…,Prébenjamin / Avenir / Fem 15…,Prebenjamin / Esordienti / Fem 15…,U8 / U12 / Girls U15…,U8 / U12 / Fem 15…
teams_delete,Eliminar equip,Ezabatu taldea,Delete Equipo,Eliminar equipo,Eliminar equipa,Supprimer l'équipe,Elimina squadra,Delete team,Team löschen
teams_delete_action,Eliminar equips,Taldeak ezabatu,Eliminar equipos,Eliminar equipos,Eliminar equipas,Supprimer les équipes,Elimina squadre,Delete teams,Mannschaften löschen
teams_delete_confirm,Eliminar aquest equip? Només es pot si no té partits ni entrenaments.,Talde hau ezabatu nahi duzu? Partidurik edo entrenamendurik ez baduzu bakarrik egin dezakezu.,Eliminar este equipo? só é posible se non ten xogos ou prácticas.,¿Eliminar este equipo? Solo se puede si no tiene partidos ni entrenamientos.,Eliminar esta equipa? Só é possível se não tiver jogos nem treinos.,Supprimer cette équipe ? Possible seulement sans matchs ni entraînements.,Eliminare questa squadra? Solo se non ha partite né allenamenti.,Delete this team? Only possible if it has no matches or trainings.,Dieses Team löschen? Nur möglich ohne Spiele und Trainings.
teams_edit_hint,Al clicar un equip podràs editar-lo o esborrar-lo.,"Talde batean klikatuz gero, editatu edo ezabatu dezakezu.",Ao clicar nun equipo poderás editalo ou borralo.,Al clicar en un equipo podrás editarlo o borrarlo.,Clica numa equipa para a editares ou apagares.,Cliquez sur une équipe pour la modifier ou la supprimer.,Clicca una squadra per modificarla o eliminarla.,Click a team to edit or delete it.,"Klicke auf ein Team, um es zu bearbeiten oder zu löschen."
teams_edit_link,Modificar equip,Ekipamendua aldatzea,Modificar equipo,Modificar equipo,Modificar equipa,Modifier une équipe,Modifica squadra,Edit team,Team bearbeiten
teams_edit_pick,Tria l’equip que vols modificar.,Aukeratu aldatu nahi duzun taldea.,Escolla o equipo a modificar.,Elige el equipo que quieres modificar.,Escolhe a equipa a modificar.,Choisissez l'équipe à modifier.,Scegli la squadra da modificare.,Choose the team to edit.,Wähle das Team zum Bearbeiten.
teams_empty,Encara no hi ha equips.,Oraindik ez dago talderik.,Sen equipos aínda.,Todavía no hay equipos.,Ainda não há equipas.,Pas encore d'équipes.,Non ci sono ancora squadre.,No teams yet.,Noch keine Teams.
teams_import_fed,Importar de federació,Inportatu federaziotik,Importación de Federación,Importar de federación,Importar da federação,Importer depuis une fédération,Importa dalla federazione,Import from federation,Aus Verband importieren
teams_intro,Els equips s’agrupen per base i sènior.,Oinarri eta seniorren arabera taldekatzen dira taldeak.,Os equipos están agrupados por base e sénior.,Los equipos se agrupan por base y sénior.,As equipas agrupam-se por base e sénior.,Les équipes sont regroupées par base et senior.,Le squadre sono raggruppate per base e senior.,Teams are grouped by base and senior.,Teams sind nach Basis und Senior gruppiert.
teams_link,Vinculació federativa,Esteka federatiboa,Enlace federativo,Vinculación federativa,Vinculação federativa,Lien fédération,Collegamento federazione,Federation linking,Verbandsverknüpfung
teams_link_alias,àlies,ezizena,alias,alias,alias,alias,alias,alias,Alias
teams_link_external_id,ID extern,Kanpoko ID,Identificación externa,ID externo,ID externo,ID externe,ID esterno,External ID,Externe ID
teams_link_internal,Nom intern (coordinador),Barne izena (koordinatzailea),Nome interno (coordinador),Nombre interno (coordinador),Nome interno (coordenador),Nom interne (coordinateur),Nome interno (coordinatore),Internal name (coordinator),Interner Name (Koordinator)
teams_link_intro,Aquesta pàgina permet editar els noms interns i oficials i veure els alias de federació sense perdre la vinculació.,Orrialde honek barneko izenak eta ofizialak edita ditzakezu eta federazioen aliasak ikusteko esteka galdu gabe.,Esta páxina permite editar os nomes internos e oficiais e ver os alcumes da federación sen perder a ligazón.,Esta página permite editar los nombres internos y oficiales y ver los alias de federación sin perder la vinculación.,Esta página permite editar os nomes internos e oficiais e ver os aliases da federação sem perder a vinculação.,Cette page permet d'éditer les noms internes et officiels et de voir les alias de fédération sans perdre le lien.,Questa pagina permette di modificare i nomi interni e ufficiali e vedere gli alias di federazione senza perdere il collegamento.,This page lets you edit internal and official names and see federation aliases without losing the link.,Auf dieser Seite kannst du interne und offizielle Namen bearbeiten und Verbands-Aliasse beim Bearbeiten sehen.
teams_link_list,Vinculacions,Estekak,Ligamentos,Vinculaciones,Vinculações,Liens,Collegamenti,Links,Verknüpfungen
teams_link_official,Nom oficial,Izen ofiziala,Nome oficial,Nombre oficial,Nome oficial,Nom officiel,Nome ufficiale,Official name,Offizieller Name
teams_link_save,Desar vinculacions,Gorde loturak,Gardar as ligazóns,Guardar vinculaciones,Guardar vinculações,Enregistrer les liens,Salva collegamenti,Save links,Verknüpfungen speichern
teams_link_source,Font,Iturria,Fonte,Fuente,Fonte,Source,Fonte,Source,Quelle
teams_name_placeholder,Prebenjamí A / Juvenil / Fem 15…,Prebenjamí A / Jubenil / Fem 15...,Prebenxamín A / Xuvenil / Feminino 15...,Prebenjamín A / Juvenil / Fem 15…,Pré-benjamim A / Juvenil / Fem 15…,Prébenjamin A / Junior / Fem 15…,Prebenjamin A / Juniores / Fem 15…,U8 A / Junior / Girls U15…,U8 A / Jugend / Fem 15…
teams_not_before,No abans de (opcional),Aurretik ez (aukerakoa),Non antes (opcional),No antes de (opcional),Não antes de (opcional),Pas avant (optionnel),Non prima di (opzionale),Not before (optional),Nicht vor (optional)
teams_overlap_action,Veure solapaments,Ikusi gainjartzeak,Ver superposicións,Ver solapamientos,Ver sobreposições,Voir les chevauchements,Vedi sovrapposizioni,See overlaps,Überschneidungen anzeigen
teams_overlap_hint,Ctrl+clic (⌘+clic) en dos o més equips per borrarlos o veure solapaments probables.,Ktrl+klik (⌘+klik) bi talde edo gehiagotan ezabatzeko edo gainjartze posibleak ikusteko.,Ctrl+clic (⌘+clic) en dous ou máis equipos para borralos ou ver solapamentos probables.,Ctrl+clic (⌘+clic) en dos o más equipos para borrarlos o ver solapamientos probables.,Ctrl+clic (⌘+clic) em duas ou mais equipas para as apagar ou ver sobreposições prováveis.,Ctrl+clic (⌘+clic) sur deux équipes ou plus pour les supprimer ou voir les chevauchements probables.,Ctrl+clic (⌘+clic) su due o più squadre per eliminarle o vedere le sovrapposizioni probabili.,Ctrl+click (⌘+click) on two or more teams to delete them or see possible overlaps.,"Strg+Klick (⌘+Klick) auf zwei oder mehr Mannschaften, um sie zu löschen oder mögliche Überschneidungen zu sehen."
teams_paste_branch,Secció per als nous equips,Talde berrientzako atala,Secció per als nous equips,Sección para los nuevos equipos,Secció per als nous equips,Secció per als nous equips,Secció per als nous equips,Secció per als nous equips,Secció per als nous equips
teams_paste_create,Crear equips,Taldeak sortu,Crear equips,Crear equipos,Crear equips,Crear equips,Crear equips,Crear equips,Crear equips
teams_paste_created,S'han creat {n} equips.,{n} taldeak sortu dira.,S'han creat {n} equips.,Se han creado {n} equipos.,S'han creat {n} equips.,S'han creat {n} equips.,S'han creat {n} equips.,S'han creat {n} equips.,S'han creat {n} equips.
teams_paste_label,Enganxa els noms dels equips,Itsatsi taldeen izenak,Decepción els noms dels equips,Pega los nombres de los equipos,Enganxa els noms dels equips,Enganxa els noms dels equips,Enganxa els noms dels equips,Enganxa els noms dels equips,Enganxa els noms dels equips
teams_paste_ph,"Un nom per línia, o separats per comes","Lerro bakoitzeko izen bat, edo komaz bereizita","Un nom per linguia, oi separats per vén","Un nombre por línea, o separados por comas","Un nom per línia, o separats per comes","Un nom per línia, o separats per comes","Un nom per línia, o separats per comes","Un nom per línia, o separats per comes","Un nom per línia, o separats per comes"
teams_paste_skipped,S'han omès {n} duplicats.,{n} bikoiztua baztertu da.,S'han omès {n} duplicados.,Se han omitido {n} duplicados.,S'han omès {n} duplicats.,S'han omès {n} duplicats.,S'han omès {n} duplicats.,S'han omès {n} duplicats.,S'han omès {n} duplicats.
teams_paste_title,Afegir per lots (copiar-pegar),Gehitu loteetan (kopiatu-itsatsi),Afghir por lotes (copia-toma),Añadir por lotes (copiar y pegar),Afegir per lots (copiar-pegar),Afegir per lots (copiar-pegar),Afegir per lots (copiar-pegar),Afegir per lots (copiar-pegar),Afegir per lots (copiar-pegar)
teams_people_count,persones,jendea,Persoas,personas,pessoas,personnes,persone,people,Personen
teams_save,Desar equip,Salbatu taldea,Gardar o equipo,Guardar equipo,Guardar equipa,Enregistrer l'équipe,Salva squadra,Save team,Team speichern
teams_unlink,Treure,Atera,Borrar,Quitar,Remover,Retirer,Rimuovi,Remove,Entfernen
tr_add_one,Afegir,Gehitu,Engadir un adestramento,Añadir,Adicionar treino,Ajouter entraînement,Aggiungi allenamento,Add training,Training hinzufügen
tr_back,← Tornar als entrenaments,← Entrenamendura itzuli,← Volver aos adestramentos,← Volver a entrenos,← Voltar aos treinos,← Retour aux entraînements,← Torna agli allenamenti,← Back to trainings,← Zurück zum Training
tr_by_team_add,Afegir entrenament,Gehitu prestakuntza,Afgir entrenamento,Añadir entrenamiento,Afegir entrenament,Afegir entrenament,Afegir entrenament,Afegir entrenament,Afegir entrenament
tr_by_team_added,Entrenament afegit.,Prestakuntza gehitu.,Entrenamento afeito.,Entrenamiento añadido.,Entrenament afegit.,Entrenament afegit.,Entrenament afegit.,Entrenament afegit.,Entrenament afegit.
tr_by_team_day,Dia,Eguna,Dia,Día,Dia,Dia,Dia,Dia,Dia
tr_by_team_delete,Esborrar,Ezabatu,Squeeze,Borrar,Esborrar,Esborrar,Esborrar,Esborrar,Esborrar
tr_by_team_delete_selected,Esborrar seleccionats,Ezabatu hautatutakoa,Squeeze seleccionats,Borrar seleccionados,Esborrar seleccionats,Esborrar seleccionats,Esborrar seleccionats,Esborrar seleccionats,Esborrar seleccionats
tr_by_team_deleted,Entrenament esborrat.,Entrenamendua ezabatu da.,Entrenament esborrat.,Entrenamiento borrado.,Entrenament esborrat.,Entrenament esborrat.,Entrenament esborrat.,Entrenament esborrat.,Entrenament esborrat.
tr_by_team_deleted_n,{n} entrenaments esborrats.,{n} entrenamenduak ezabatu dira.,{n} entrenamentos esborrats.,{n} entrenamientos borrados.,{n} entrenaments esborrats.,{n} entrenaments esborrats.,{n} entrenaments esborrats.,{n} entrenaments esborrats.,{n} entrenaments esborrats.
tr_by_team_end,Fi,Amaiera,Fi,Fin,Fi,Fi,Fi,Fi,Fi
tr_by_team_error,Error: cal un equip i una hora vàlida.,Errorea: baliozko taldea eta denbora behar dira.,Erro: cal un equip i unha hora vàlida.,Error: se necesita un equipo y una hora válida.,Error: cal un equip i una hora vàlida.,Error: cal un equip i una hora vàlida.,Error: cal un equip i una hora vàlida.,Error: cal un equip i una hora vàlida.,Error: cal un equip i una hora vàlida.
tr_by_team_from,Des de,Tik,Dex de,Desde,Des de,Des de,Des de,Des de,Des de
tr_by_team_intro,Assigna entrenaments setmanals a cada equip. Els canvis es desen al borrador.,Esleitu asteroko entrenamendu saioak talde bakoitzari. Aldaketak zirriborroan gordetzen dira.,Assigna entrenaments setmanals a cada equip. Els canvis es desen al borrador.,Asigna entrenamientos semanales a cada equipo. Los cambios se guardan en el borrador.,Assigna entrenaments setmanals a cada equip. Els canvis es desen al borrador.,Assigna entrenaments setmanals a cada equip. Els canvis es desen al borrador.,Assigna entrenaments setmanals a cada equip. Els canvis es desen al borrador.,Assigna entrenaments setmanals a cada equip. Els canvis es desen al borrador.,Assigna entrenaments setmanals a cada equip. Els canvis es desen al borrador.
tr_by_team_start,Inici,Hasiera,Inici,Inicio,Inici,Inici,Inici,Inici,Inici
tr_by_team_team,Equip,Taldea,Equip,Equipo,Equip,Equip,Equip,Equip,Equip
tr_by_team_title,Entrenaments per equip,Taldearen prestakuntza,Entrenaments per equip,Entrenamientos por equipo,Entrenaments per equip,Entrenaments per equip,Entrenaments per equip,Entrenaments per equip,Entrenaments per equip
tr_by_team_to,Fins a,Gora,Fins a,Hasta,Fins a,Fins a,Fins a,Fins a,Fins a
tr_by_team_venue,Pista,Arrastoa,Pista,Pista,Pista,Pista,Pista,Pista,Pista
tr_chart_avail_title,Horari d’hockey disponible,Hockey ordutegia eskuragarri,Tempo disponível para hóquei,Horario de hockey disponible,Tempo disponível para hóquei,Temps disponible pour le hockey,Tempo disponibile per hockey,Hockey time available,Verfügbare Hockey-Zeit
tr_chart_draft,Borrador,Borragoma,Rascunho,Borrador,Rascunho,Brouillon,Bozza,Draft,Entwurf
tr_chart_empty,Planning,Plangintza,Planeamento,Planning,Planeamento,Planning,Planning,Planning,Planung
tr_chart_empty_hint,"Ajusta hores, entrenaments conjunts o relevos, o afegeix una sessió manual.","Egokitu orduak, entrenamendu bateratuak edo erreleboak, edo gehitu eskuzko saio bat.","Ajusta horas, grupos ou solapes, ou adiciona uma sessão manual.","Ajusta horas, entrenamientos conjuntos o relevos, o añade una sesión manual.","Ajusta horas, grupos ou solapes, ou adiciona uma sessão manual.","Ajuste les heures, les groupes ou les relais, ou ajoute une session manuelle.","Regola ore, gruppi o staffette, o aggiungi una sessione manuale.","Adjust hours, groups or relays, or add a manual session.","Passe Stunden, Gruppen oder Staffeln an oder füge eine manuelle Einheit hinzu."
tr_chart_legend,Llegenda,Kondaira,Llegenda,Leyenda,Llegenda,Llegenda,Llegenda,Llegenda,Llegenda
tr_chart_legend_avail,Pista disponible,Pista eskuragarri,Pista disponible,Pista disponible,Pista disponible,Pista disponible,Pista disponible,Pista disponible,Pista disponible
tr_chart_legend_group,Entrenament conjunt,Prestakuntza bateratua,Entrenament conjunt,Entrenamiento conjunto,Entrenament conjunt,Entrenament conjunt,Entrenament conjunt,Entrenament conjunt,Entrenament conjunt
tr_chart_legend_solape,Relevo,Erliebea,Relevo,Relevo,Relevo,Relevo,Relevo,Relevo,Relevo
tr_chart_legend_solo,Entrenament individual,Banakako prestakuntza,Entrenament individual,Entrenamiento individual,Entrenament individual,Entrenament individual,Entrenament individual,Entrenament individual,Entrenament individual
tr_chart_legend_stack,Compartit (A → B),Partekatua (A → B),Compartit (A → B),Compartido (A → B),Compartit (A → B),Compartit (A → B),Compartit (A → B),Compartit (A → B),Compartit (A → B)
tr_chart_live,Calendari,Egutegia,Calendário,Calendario,Calendário,Calendrier,Calendario,Calendar,Kalender
tr_chart_rink_hours_hint,"Cada fila és una pista. El verd clar és l’horari d’hockey disponible aquell dia; el ratllat, fora d’horari. Configura-ho a Club → Pistes.","Errenkada bakoitza pista bat da. Berde argia da egun horretan eskuragarri dagoen hockey ordutegia; scratch, orduetatik kanpo. Konfiguratu Kluba → Pistak atalean.",Cada linha é uma pista. Verde claro é o tempo disponível para hóquei nesse dia; hachuras é fora do horário da pista. Define em Clube → Pistas.,"Cada fila es una pista. El verde claro es el horario de hockey disponible ese día; el rayado, fuera de horario. Configúralo en Club → Pistas.",Cada linha é uma pista. Verde claro é o tempo disponível para hóquei nesse dia; hachuras é fora do horário da pista. Define em Clube → Pistas.,Chaque ligne est une piste. Le vert clair est le temps disponible pour le hockey ce jour-là ; les hachures sont en dehors des horaires de piste. Définis dans Club → Pistes.,Ogni riga è una pista. Il verde chiaro è il tempo disponibile per hockey quel giorno; il tratteggio è fuori dall'orario della pista. Definiscilo in Club → Piste.,Each row is a rink. Light green is available hockey time that day; hatching is outside rink hours. Set it in Club → Rinks.,Jede Zeile ist eine Eisbahn. Hellgrün ist verfügbare Hockey-Zeit an dem Tag; Schraffur ist außerhalb der Eisbahnzeiten. Lege es unter Verein → Eisbahnen fest.
tr_chart_tip_solape,solape,gainjarri,solape,solape,solape,relais,staffetta,relay,Staffel
tr_clear_trainings,Netejar entrenaments del calendari,Garbitu entrenamenduak egutegitik,Netejar entrenaments del calendari,Limpiar entrenamientos del calendario,Netejar entrenaments del calendari,Netejar entrenaments del calendari,Netejar entrenaments del calendari,Netejar entrenaments del calendari,Netejar entrenaments del calendari
tr_clear_trainings_confirm,Confirma: tots els entrenaments confirmats s'esborraran del calendari.,Berretsi: berretsitako entrenamendu guztiak egutegitik ezabatuko dira.,Confirma: tots els entrenaments confirmats s'esborraran del calendari.,Confirma: todos los entrenamientos confirmados se borrarán del calendario.,Confirma: tots els entrenaments confirmats s'esborraran del calendari.,Confirma: tots els entrenaments confirmats s'esborraran del calendari.,Confirma: tots els entrenaments confirmats s'esborraran del calendari.,Confirma: tots els entrenaments confirmats s'esborraran del calendari.,Confirma: tots els entrenaments confirmats s'esborraran del calendari.
tr_col_category,Categoria,Kategoria,Categoria,Categoría,Categoria,Catégorie,Categoria,Category,Kategorie
tr_col_hours,Hores/setm.,Ordu/aste,H/semana,Horas/sem.,H/semana,H/semaine,H/sett,Hours/wk,Std./Wo.
tr_col_series,Sèrie,Seriea,Série,Serie,Série,Série,Serie,Series,Serie
tr_col_sessions,Sessions,Saioak,Sessões,Sesiones,Sessões,Sessions,Sessioni,Sessions,Einheiten
tr_col_use_default,Per defecte,Berez,Padrão,Por defecto,Padrão,Défaut,Predefinito,Default,Standard
tr_delete,Esborrar,Ezabatu,Apagar,Borrar,Apagar,Supprimer,Elimina,Delete,Löschen
tr_delete_series,Esborrar sèrie,Ezabatu seriea,Apagar série,Borrar serie,Apagar série,Supprimer la série,Elimina serie,Delete series,Serie löschen
tr_delete_series_confirm,Esborrar {n} sessions?,{n} saioak ezabatu nahi dituzu?,Apagar as {n} sessões desta série?,¿Borrar las {n} sesiones de esta serie?,Apagar as {n} sessões desta série?,Supprimer les {n} sessions de cette série ?,Eliminare le {n} sessioni di questa serie?,Delete the {n} sessions in this series?,Die {n} Einheiten dieser Serie löschen?
tr_draft_explain_ask_solapes,releus,erreleboak,solapes,relevos,solapes,relais,staffette,relays,Staffeln
tr_draft_explain_ask_solapes_end,?,?,?,?,?, ?,?, as well?, ausprobieren?
tr_draft_explain_ask_solapes_pre, Vols provar també amb ,Baita ere probatu nahi, Queres experimentar também , ¿Quieres probar también con , Queres experimentar também , Tu veux aussi essayer les , Vuoi provare anche le , Want to try , Willst du auch 
tr_draft_explain_empty,Borrador buit: no hi ha solució automàtica. Ajusta condicions o fes-ho a mà.,Zirriborro hutsa: ez dago konponketa automatikorik. Egokitu baldintzak edo egin eskuz.,Rascunho vazio: sem solução automática. Ajusta condições ou faz à mão.,Borrador vacío: no hay solución automática. Ajusta condiciones o hazlo a mano.,Rascunho vazio: sem solução automática. Ajusta condições ou faz à mão.,Brouillon vide : pas de solution automatique. Ajuste les conditions ou fais-le à la main.,Bozza vuota: nessuna soluzione automatica. Regola le condizioni o fallo a mano.,Empty draft: no automatic solution. Adjust conditions or do it by hand.,Leerer Entwurf: keine automatische Lösung. Passe Bedingungen an oder mache es von Hand.
tr_draft_explain_existing,Borrador dens amb els {groups} entrenaments conjunts ({teams} equips).,Zirriborro trinkoa {groups} entrenamendu bateratuekin ({teams} taldeak).,Rascunho regenerado com os {groups} grupos existentes ({teams} equipas).,Borrador denso con los {groups} entrenamientos conjuntos ({teams} equipos).,Rascunho regenerado com os {groups} grupos existentes ({teams} equipas).,Brouillon régénéré avec les {groups} groupes existants ({teams} équipes).,Bozza rigenerata con i {groups} gruppi esistenti ({teams} squadre).,Draft regenerated with the {groups} existing groups ({teams} teams).,Entwurf mit den {groups} bestehenden Gruppen neu generiert ({teams} Mannschaften).
tr_draft_explain_proposed,Proposta amb el mínim d’entrenaments conjunts i plantilla dl–dv plena (sense relevos). Mira la gràfica.,Gutxieneko entrenamendu saio bateratuekin eta astelehenetik ostiralera zerrenda osoarekin (erreleborik gabe) proposamena. Begiratu grafikoari.,Esta é a proposta de grupos (sem solapes). Vê o gráfico.,Propuesta con el mínimo de entrenamientos conjuntos y plantilla lun–vie llena (sin relevos). Mira la gráfica.,Esta é a proposta de grupos (sem solapes). Vê o gráfico.,Voici la proposition de groupes (sans relais). Voir le graphique.,Questa è la proposta di gruppi (senza staffette). Vedi il grafico.,This is the groups proposal (no relays). Check the chart.,Das ist der Gruppenvorschlag (keine Staffeln). Prüfe die Grafik.
tr_draft_explain_puzzle,"Proposta del puzle setmanal: 3 sessions per equip, màxim d’individuals, mínim de compartits (el companys poden canviar cada dia). Mira la gràfica.","Asteko puzzlearen proposamena: 3 saio talde bakoitzeko, gehienez norbanakoak, gutxienez partekatua (bazkideek egunero alda daitezke). Begiratu grafikoari.","Proposta de puzzle semanal: 3 sessões por equipa, máx. solo, mín. partilha (os parceiros podem mudar consoante o dia). Vê o gráfico.","Propuesta del puzle semanal: 3 sesiones por equipo, máximo de individuales, mínimo de compartidos (los compañeros pueden cambiar cada día). Mira la gráfica.","Proposta de puzzle semanal: 3 sessões por equipa, máx. solo, mín. partilha (os parceiros podem mudar consoante o dia). Vê o gráfico.","Proposition de puzzle hebdomadaire : 3 sessions par équipe, max. seul, min. partagé (les partenaires peuvent changer selon le jour). Voir le graphique.","Proposta puzzle settimanale: 3 sessioni a squadra, max. da soli, min. condivisi (i compagni possono cambiare in base al giorno). Vedi il grafico.","Weekly puzzle proposal: 3 sessions per team, max solo, min shares (partners can change by day). Check the chart.","Wöchentlicher Puzzlevorschlag: 3 Einheiten pro Mannschaft, max. Solo, min. Teilen (Partner können je nach Tag wechseln). Prüfe die Grafik."
tr_draft_explain_solapes,Borrador amb releus afegits. Mira la gràfica.,Zirriborroa erliebe erantsiekin. Begiratu grafikoari.,Rascunho com solapes adicionados. Vê o gráfico.,Borrador con relevos añadidos. Mira la gráfica.,Rascunho com solapes adicionados. Vê o gráfico.,Brouillon avec relais ajoutés. Voir le graphique.,Bozza con staffette aggiunte. Vedi il grafico.,Draft with relays added. Check the chart.,Entwurf mit hinzugefügten Staffeln. Prüfe die Grafik.
tr_draft_explain_solo,Borrador setmanal: {n} sessions (es repeteix cada setmana).,Asteko zirriborroa: {n} saioak (astero errepikatzen dira).,Rascunho semanal: {n} sessões (repete todas as semanas).,Borrador semanal: {n} sesiones (se repite cada semana).,Rascunho semanal: {n} sessões (repete todas as semanas).,Brouillon hebdomadaire : {n} sessions (se répète chaque semaine).,Bozza settimanale: {n} sessioni (si ripete ogni settimana).,Weekly draft: {n} sessions (repeats each week).,Wöchentlicher Entwurf: {n} Einheiten (wiederholt sich jede Woche).
tr_draft_explain_solo_tight, Hi ha sessions compartides perquè no caben tots sols.,"Partekatutako saioak daude, denak ezin direlako bakarrik kabitzen.", Algumas sessões são partilhadas porque nem todos cabem sozinhos., Hay sesiones compartidas porque no caben todos solos., Algumas sessões são partilhadas porque nem todos cabem sozinhos., Certaines sessions sont partagées car tout ne tient pas seul., Alcune sessioni sono condivise perché non tutti stanno da soli., Some sessions are shared because not everyone fits solo.," Einige Einheiten sind geteilt, weil nicht alle alleine passen."
tr_draft_explain_title,Què hi ha al borrador,Zirriborroan zer dagoen,O que está no rascunho,Qué hay en el borrador,O que está no rascunho,Ce qui est dans le brouillon,Cosa c'è nella bozza,What’s on the draft,Was im Entwurf steht
tr_draft_explain_with_groups,Borrador dens amb {groups} entrenaments conjunts: {n} sessions (dl–dv).,Zirriborro trinkoa {groups} entrenamendu bateratuekin: {n} saioak (astelehenetik ostiralera).,Rascunho com {groups} grupos: {n} sessões.,Borrador denso con {groups} entrenamientos conjuntos: {n} sesiones (lun–vie).,Rascunho com {groups} grupos: {n} sessões.,Brouillon avec {groups} groupes : {n} sessions.,Bozza con {groups} gruppi: {n} sessioni.,Draft with {groups} groups: {n} sessions.,Entwurf mit {groups} Gruppen: {n} Einheiten.
tr_draft_weeks,Setmanes de borrador,Aste zirriborroak,Semanas de rascunho,Semanas de borrador,Semanas de rascunho,Semaines de brouillon,Setmanes de borrador,Setmanes de borrador,Entwurfwochen
tr_empty,Encara no hi ha entrenaments.,Oraindik ez dago entrenamendurik.,Ainda sem treinos.,Aún no hay entrenamientos.,Ainda sem treinos.,Aucun entraînement pour l'instant.,Ancora nessun allenamento.,No trainings yet.,Noch keine Trainingseinheiten.
tr_fit_cta_and, i ,i, e , y , e , et , e , and , und 
tr_fit_cta_end,. ,. ,. ,. ,. ,. ,. ,. ,. 
tr_fit_cta_groups,entrenaments conjunts,entrenamendu bateratuak,grupos,entrenamientos conjuntos,grupos,groupes,gruppi,groups,Gruppen
tr_fit_cta_mid, o pots ajustar a ,edo egokitu zaitezke, ou podes ajustar em , o puedes ajustar en , ou podes ajustar em , ou tu peux ajuster dans , oppure puoi regolare in , or you can adjust in , machen oder du kannst in 
tr_fit_cta_pre, Et puc fer una ,bat egin dezaket, Posso fazer , Te puedo hacer una , Posso fazer , Je peux faire , Posso fare , I can make a , Ich kann einen 
tr_fit_cta_propose,proposta d’horaris,ordutegi proposamena,uma proposta de horário,propuesta de horarios,uma proposta de horário,une proposition d'horaire,una proposta d'orario,schedule proposal,Trainingsvorschlag
tr_fit_cta_solapes,relevos,erreleboak,solapes,relevos,solapes,relais,staffette,relays,Staffeln
tr_fit_draft_note,El calendari oficial no es toca fins a Aplicar.,Ordutegi ofiziala ez da ukitzen Aplikatu arte.,O calendário oficial fica intocado até Aplicares.,El calendario oficial no se toca hasta Aplicar.,O calendário oficial fica intocado até Aplicares.,Le calendrier officiel reste intact tant que tu n'appliques pas.,Il calendario ufficiale resta intatto finché non applichi.,The official calendar stays untouched until you Apply.,"Der offizielle Kalender bleibt unberührt, bis du Übernehmen wählst."
tr_fit_manual_hint,Defineix tu les plantilles.,Zuk zehazten dituzu txantiloiak.,Define os moldes tu mesmo.,Define tú las plantillas.,Define os moldes tu mesmo.,Définis toi-même les moules.,Definisci tu le matrici.,Define the templates yourself.,Lege die Vorlagen selbst fest.
tr_fit_manual_title,Ho faig jo,Egiten dut,Eu faço,Lo hago yo,Eu faço,Je fais,Faccio io,I’ll do it,Ich mache es selbst
tr_fit_need,Per encabir-ho caldria juntar uns {teams} equips en {groups} entrenaments conjunts i/o fer {solapes} relevos.,"Hori egokitzeko, beharrezkoa izango litzateke {teams} talde batzuk {groups} entrenamendu bateratuetan biltzea eta/edo {solapes} erreleboak egitea.","Para que todos cabessem, terias de juntar cerca de {teams} equipas em {groups} grupos e/ou fazer {solapes} solapes.",Para encajarlo haría falta juntar unos {teams} equipos en {groups} entrenamientos conjuntos y/o hacer {solapes} relevos.,"Para que todos cabessem, terias de juntar cerca de {teams} equipas em {groups} grupos e/ou fazer {solapes} solapes.","Pour que tout tienne, il faudrait regrouper environ {teams} équipes en {groups} groupes et/ou faire {solapes} relais.","Per far stare tutti, dovresti raggruppare circa {teams} squadre in {groups} gruppi e/o fare {solapes} staffette.",To fit everyone you’d need to join about {teams} teams into {groups} groups and/or make {solapes} relays.,"Damit alle passen, musst du etwa {teams} Mannschaften zu {groups} Gruppen zusammenfassen und/oder {solapes} Staffeln bilden."
tr_fit_need_groups,"No caben sols a la pista. Cal juntar els {teams} equips en uns {groups} entrenaments conjunts (mínims, sense relevos) i omplir dl–dv.","Ez dira bakarrik kabitzen pistan. {teams} taldeak elkarrekin {groups} entrenamendu saio batzuetan elkartu behar dira (gutxienez, erreleborik gabe) eta astelehenetik ostiralera bete.","Para que todos cabessem, terias de juntar cerca de {teams} equipas em {groups} grupos (ainda sem solapes).","No caben solos en la pista. Hay que juntar los {teams} equipos en unos {groups} entrenamientos conjuntos (mínimos, sin relevos) y llenar lun–vie.","Para que todos cabessem, terias de juntar cerca de {teams} equipas em {groups} grupos (ainda sem solapes).","Pour que tout tienne, il faudrait regrouper environ {teams} équipes en {groups} groupes (encore sans relais).","Per far stare tutti, dovresti raggruppare circa {teams} squadre in {groups} gruppi (ancora senza staffette).",To fit everyone you’d need to join about {teams} teams into {groups} groups (no relays yet).,"Damit alle passen, musst du etwa {teams} Mannschaften zu {groups} Gruppen zusammenfassen (noch keine Staffeln)."
tr_fit_need_manual,Cal una proposta o ajustar entrenaments conjunts a mà.,Proposamen bat behar edo eskuz eskuz entrenamendu bateratuak egokitu.,Precisas de uma proposta ou de ajustar grupos manualmente.,Hace falta una propuesta o ajustar entrenamientos conjuntos a mano.,Precisas de uma proposta ou de ajustar grupos manualmente.,Tu as besoin d'une proposition ou d'ajuster les groupes manuellement.,Hai bisogno di una proposta o di regolare i gruppi manualmente.,You need a proposal or to adjust groups by hand.,Du brauchst einen Vorschlag oder musst Gruppen von Hand anpassen.
tr_fit_need_puzzle,No caben tots en solitari. La proposta crearà el mínim de sessions compartides (el compartit pot canviar cada dia de la setmana).,Ez dira denak bakarrik kabitzen. Proposamenak gutxieneko partekatutako saioak sortuko ditu (partekatutakoak asteko egun guztietan alda daitezke).,Nem todos cabem sozinhos. A proposta criará o mínimo de sessões partilhadas (quem partilha pode mudar consoante o dia da semana).,No caben todos en solitario. La propuesta creará el mínimo de sesiones compartidas (quien comparte puede cambiar cada día de la semana).,Nem todos cabem sozinhos. A proposta criará o mínimo de sessões partilhadas (quem partilha pode mudar consoante o dia da semana).,Tout ne tient pas seul. La proposition créera un minimum de sessions partagées (qui partage peut changer selon le jour de la semaine).,Non tutti stanno da soli. La proposta creerà il minimo di sessioni condivise (chi condivide può cambiare a seconda del giorno della settimana).,Not everyone fits solo. The proposal will create the minimum shared sessions (who shares can change by weekday).,"Nicht alle passen alleine. Der Vorschlag erstellt die Mindestanzahl geteilter Einheiten (wer teilt, kann je nach Wochentag wechseln)."
tr_fit_need_refresh,Demana la proposta per generar el borrador setmanal.,Eskatu proposamena asteko zirriborroa sortzeko.,Pedir uma proposta para construir o rascunho semanal.,Pide la propuesta para generar el borrador semanal.,Pedir uma proposta para construir o rascunho semanal.,Demander une proposition pour construire le brouillon hebdomadaire.,Chiedi una proposta per costruire la bozza settimanale.,Ask for a proposal to build the weekly draft.,Frage nach einem Vorschlag für den wöchentlichen Entwurf.
tr_fit_or,o,edo,ou,o,ou,ou,o,or,oder
tr_fit_or_manual,o ho faig jo a,edo nik a,ou eu faço em,o lo hago yo en,ou eu faço em,ou je fais dans,o faccio io in,or I’ll do it in,oder ich mache es in
tr_fit_pack_detail,Prova d’encaix: {clean} sessions netes · {clashes} xocs de pista · {unplaced} sense huec.,Egokitze-proba: {clean} garbi-saioak · {clashes} ibilbidearen hutsuneak · {unplaced} hutsunerik gabe.,Verificação de encaixe: {clean} sessões limpas · {clashes} conflitos de pista · {unplaced} sem lugar.,Prueba de encaje: {clean} sesiones limpias · {clashes} choques de pista · {unplaced} sin hueco.,Verificação de encaixe: {clean} sessões limpas · {clashes} conflitos de pista · {unplaced} sem lugar.,Vérification d'ajustement : {clean} sessions propres · {clashes} conflits de piste · {unplaced} sans place.,Verifica adattamento: {clean} sessioni pulite · {clashes} conflitti di pista · {unplaced} senza posto.,Packing check: {clean} clean sessions · {clashes} rink clashes · {unplaced} with no slot.,Pack-Check: {clean} saubere Einheiten · {clashes} Eisbahn-Konflikte · {unplaced} ohne Platz.
tr_fit_propose,Proposar,Proposatzeko,Propor,Proponer,Propor,Proposer,Proponi,Propose,Vorschlagen
tr_fit_propose_hint,"Genera el puzle setmanal al borrador (màxim de sols, mínim de compartits).","Sortu astero puzzlea zirriborroan (gehienezko singleak, gutxieneko akzioak).","Constrói o puzzle semanal no rascunho (máx. solo, mín. partilha).","Genera el puzle semanal en el borrador (máximo de solos, mínimo de compartidos).","Constrói o puzzle semanal no rascunho (máx. solo, mín. partilha).","Construit le puzzle hebdomadaire dans le brouillon (max. seul, min. partagé).","Costruisce il puzzle settimanale nella bozza (max. da soli, min. condivisi).","Builds the weekly puzzle on the draft (max solo, min shares).","Erstellt das wöchentliche Puzzle im Entwurf (max. Solo, min. Teilen)."
tr_fit_propose_none,No s’ha pogut crear la proposta.,Proposamena ezin izan da sortu.,Não foi possível criar uma proposta.,No se ha podido crear la propuesta.,Não foi possível criar uma proposta.,Impossible de créer une proposition.,Impossibile creare una proposta.,Could not create a proposal.,Es konnte kein Vorschlag erstellt werden.
tr_fit_propose_solapes_none,No s’ha pogut afegir cap releu nou (falten participants lliures o ja n’hi ha).,Ezin izan da errelebo berririk gehitu (doako parte-hartzaileak falta dira edo dagoeneko eskuragarri).,Não foi possível adicionar um novo solape (sem participantes livres ou já coberto).,No se ha podido añadir ningún relevo nuevo (faltan participantes libres o ya hay).,Não foi possível adicionar um novo solape (sem participantes livres ou já coberto).,Impossible d'ajouter un nouveau relais (pas de participants libres ou déjà couvert).,Impossibile aggiungere una nuova staffetta (nessun partecipante libero o già coperto).,Could not add a new relay (no free participants or already covered).,Keine neue Staffel konnte hinzugefügt werden (keine freien Teilnehmer oder bereits abgedeckt).
tr_fit_proposed,Proposta al borrador (calendari oficial intacte).,Proposamenaren zirriborroa (egutegi ofiziala osorik).,Proposta no rascunho (calendário oficial intocado).,Propuesta en el borrador (calendario oficial intacto).,Proposta no rascunho (calendário oficial intocado).,Proposition dans le brouillon (calendrier officiel intact).,Proposta nella bozza (calendario ufficiale intatto).,Proposal on the draft (official calendar untouched).,Vorschlag im Entwurf (offizieller Kalender unberührt).
tr_fit_proposed_groups,{n} entrenaments conjunts: {names}.,{n} entrenamendu bateratuak: {names}.,{n} grupos: {names}.,{n} entrenamientos conjuntos: {names}.,{n} grupos: {names}.,{n} groupes : {names}.,{n} gruppi: {names}.,{n} groups: {names}.,{n} Gruppen: {names}.
tr_fit_proposed_groups_detail,"Proposta: {teams} equips en {groups} entrenaments conjunts (mínims, sense relevos). Plantilla dl–dv al borrador ({sessions} sessions). El calendari oficial no s’ha tocat.","Proposamena: {teams} taldeak {groups} entrenamendu bateratuan (gutxienez, erreleborik gabe). Astelehenetik ostiralera txantiloia zirriborroan ({sessions} saioak). Egutegi ofiziala ez da ukitu.",Proposta: juntadas {teams} equipas em {groups} grupos (sem solapes). Rascunho: {sessions} sessões. Calendário oficial intocado.,"Propuesta: {teams} equipos en {groups} entrenamientos conjuntos (mínimos, sin relevos). Plantilla lun–vie en el borrador ({sessions} sesiones). El calendario oficial no se ha tocado.",Proposta: juntadas {teams} equipas em {groups} grupos (sem solapes). Rascunho: {sessions} sessões. Calendário oficial intocado.,Proposition : regroupées {teams} équipes en {groups} groupes (sans relais). Brouillon : {sessions} sessions. Calendrier officiel intact.,Proposta: raggruppate {teams} squadre in {groups} gruppi (senza staffette). Bozza: {sessions} sessioni. Calendario ufficiale intatto.,Proposal: joined {teams} teams into {groups} groups (no relays). Draft has {sessions} sessions. Official calendar untouched.,Vorschlag: {teams} Mannschaften zu {groups} Gruppen zusammengefasst (keine Staffeln). Entwurf: {sessions} Einheiten. Offizieller Kalender unberührt.
tr_fit_proposed_puzzle,Proposta setmanal al borrador: {sessions} sessions · {solo} franges individuals · {shared} franges compartides. El calendari oficial no s’ha tocat.,Asteko zirriborro-proposamena: {sessions} saioak · {solo} banakako zirrikituak · {shared} zirrikituak. Egutegi ofiziala ez da ukitu.,Proposta semanal no rascunho: {sessions} sessões · {solo} lugares solo · {shared} lugares partilhados. Calendário oficial intocado.,Propuesta semanal en el borrador: {sessions} sesiones · {solo} franjas individuales · {shared} franjas compartidas. El calendario oficial no se ha tocado.,Proposta semanal no rascunho: {sessions} sessões · {solo} lugares solo · {shared} lugares partilhados. Calendário oficial intocado.,Proposition hebdomadaire dans le brouillon : {sessions} sessions · {solo} places seul · {shared} places partagées. Calendrier officiel intact.,Proposta settimanale nella bozza: {sessions} sessioni · {solo} posti da soli · {shared} posti condivisi. Calendario ufficiale intatto.,Weekly proposal on the draft: {sessions} sessions · {solo} solo slots · {shared} shared slots. Official calendar untouched.,Wöchentlicher Vorschlag im Entwurf: {sessions} Einheiten · {solo} Solo-Plätze · {shared} geteilte Plätze. Offizieller Kalender unberührt.
tr_fit_proposed_refresh,Borrador regenerat amb {groups} entrenaments conjunts ({teams} equips): {sessions} sessions.,{groups} entrenamendu bateratuarekin birsortutako zirriborroa ({teams} taldeak): {sessions} saioak.,Já havia {groups} grupos ({teams} equipas). Rascunho regenerado: {sessions} sessões. Calendário oficial intocado.,Borrador regenerado con {groups} entrenamientos conjuntos ({teams} equipos): {sessions} sesiones.,Já havia {groups} grupos ({teams} equipas). Rascunho regenerado: {sessions} sessões. Calendário oficial intocado.,Il y avait déjà {groups} groupes ({teams} équipes). Brouillon régénéré : {sessions} sessions. Calendrier officiel intact.,C'erano già {groups} gruppi ({teams} squadre). Bozza rigenerata: {sessions} sessioni. Calendario ufficiale intatto.,There were already {groups} groups ({teams} teams). Regenerated draft: {sessions} sessions. Official calendar untouched.,Es gab bereits {groups} Gruppen ({teams} Mannschaften). Entwurf neu generiert: {sessions} Einheiten. Offizieller Kalender unberührt.
tr_fit_proposed_short,Proposta al borrador: {groups} entrenaments conjunts · {solapes} relevos. El calendari oficial no s’ha tocat.,Proposamen zirriborroa: {groups} entrenamendu bateratua · {solapes} erreleboak. Egutegi ofiziala ez da ukitu.,Proposta no rascunho: {groups} grupos · {solapes} solapes. Calendário oficial intocado.,Propuesta en el borrador: {groups} entrenamientos conjuntos · {solapes} relevos. El calendario oficial no se ha tocado.,Proposta no rascunho: {groups} grupos · {solapes} solapes. Calendário oficial intocado.,Proposition dans le brouillon : {groups} groupes · {solapes} relais. Calendrier officiel intact.,Proposta nella bozza: {groups} gruppi · {solapes} staffette. Calendario ufficiale intatto.,Proposal on the draft: {groups} groups · {solapes} relays. Official calendar untouched.,Vorschlag im Entwurf: {groups} Gruppen · {solapes} Staffeln. Offizieller Kalender unberührt.
tr_fit_proposed_solapes,{n} relevos: {names}.,{n} erreleboak: {names}.,{n} solapes: {names}.,{n} relevos: {names}.,{n} solapes: {names}.,{n} relais : {names}.,{n} staffette: {names}.,{n} relays: {names}.,{n} Staffeln: {names}.
tr_fit_proposed_solapes_detail,He afegit {n} relevos. Borrador actualitzat: {sessions} sessions.,{n} erreleboak gehitu ditut. Zirriborro eguneratua: {sessions} saioak.,Adicionados {n} solapes. Rascunho atualizado: {sessions} sessões.,He añadido {n} relevos. Borrador actualizado: {sessions} sesiones.,Adicionados {n} solapes. Rascunho atualizado: {sessions} sessões.,Ajoutés {n} relais. Brouillon mis à jour : {sessions} sessions.,Aggiunte {n} staffette. Bozza aggiornata: {sessions} sessioni.,Added {n} relays. Draft updated: {sessions} sessions.,{n} Staffeln hinzugefügt. Entwurf aktualisiert: {sessions} Einheiten.
tr_fit_puzzle_hint,"{sessions} sessions a col·locar · {holes} franges de 1,5 h · cal compartir en {shared} franges (mínim).","Jarri beharreko {sessions} saioak · {holes} 1,5 orduko tarteak · {shared} tarteetan partekatu behar dira (gutxienez).","{sessions} sessões para colocar · {holes} intervalos de 1,5 h · é preciso partilhar em {shared} lugares (mínimo).","{sessions} sesiones a colocar · {holes} franjas de 1,5 h · hay que compartir en {shared} franjas (mínimo).","{sessions} sessões para colocar · {holes} intervalos de 1,5 h · é preciso partilhar em {shared} lugares (mínimo).","{sessions} sessions à placer · {holes} trous d'1,5 h · il faut partager {shared} places (minimum).","{sessions} sessioni da posizionare · {holes} buchi di 1,5 h · bisogna condividere {shared} posti (minimo).",{sessions} sessions to place · {holes} 1.5 h slots · share needed in {shared} slots (minimum).,"{sessions} Einheiten zu platzieren · {holes} 1,5-h-Zeitfenster · mindestens {shared} geteilte Plätze nötig."
tr_fit_puzzle_impossible,"No s’ha trobat cap solució compatible amb les restriccions. Ajusta pistes, hores o equips.","Murrizketekin bateragarria den irtenbiderik ez da aurkitu. Doitu ibilbideak, denborak edo taldeak.","Nenhum horário cabe nas condições. Ajusta pistas, horas ou equipas.","No se ha encontrado ninguna solución compatible con las restricciones. Ajusta pistas, horas o equipos.","Nenhum horário cabe nas condições. Ajusta pistas, horas ou equipas.","Aucun horaire ne tient dans les conditions. Ajuste les pistes, les heures ou les équipes.","Nessun orario sta nelle condizioni. Regola piste, ore o squadre.","No schedule fits the constraints. Adjust rinks, hours or teams.","Kein Plan passt zu den Bedingungen. Passe Eisbahnen, Stunden oder Mannschaften an."
tr_fit_solape_note,Els relevos també poden fer que hi càpiga tothom aprofitant millor la pista.,Erreleboek ere denak molda ditzakete pista hobeto aprobetxatuz.,"Os solapes também podem fazer com que todos cabam, aproveitando o tempo de pista mais apertadamente.",Los relevos también pueden hacer que quepan todos aprovechando mejor la pista.,"Os solapes também podem fazer com que todos cabam, aproveitando o tempo de pista mais apertadamente.","Les relais peuvent aussi faire tenir tout le monde, en exploitant le temps de piste plus serré.","Anche le staffette possono far stare tutti, sfruttando il tempo pista più strettamente.",Relays can also make everyone fit by using rink time more tightly.,"Staffeln können ebenfalls helfen, alle unterzubringen, indem die Eisbahnzeit enger genutzt wird."
tr_fit_solo_empty,Borrador buit: en solitari no caben (demanen més hores que les disponibles). Fes una proposta amb entrenaments conjunts.,Zirriborro hutsa: bakarrik ez dira kabitzen (esku dauden baino ordu gehiago eskatzen dituzte). Prestakuntza bateratuarekin proposamen bat egitea.,Rascunho vazio: sozinhos não cabem (precisam de mais horas do que as disponíveis). Faz uma proposta com grupos.,Borrador vacío: en solitario no caben (piden más horas que las disponibles). Haz una propuesta con entrenamientos conjuntos.,Rascunho vazio: sozinhos não cabem (precisam de mais horas do que as disponíveis). Faz uma proposta com grupos.,"Brouillon vide : seuls, ils ne tiennent pas (demandent plus d'heures que disponibles). Fais une proposition avec des groupes.",Borrador buit: en solitari no caben (demanen més hores que les disponibles). Fes una proposta amb entrenaments conjunts.,Borrador buit: en solitari no caben (demanen més hores que les disponibles). Fes una proposta amb entrenaments conjunts.,Leerer Entwurf: im Alleingang passen sie nicht (mehr Stunden benötigt als verfügbar). Mache einen Vorschlag mit Gruppen.
tr_fit_solo_no,No tots els equips poden entrenar individualment.,Talde guztiek ezin dute bakarka entrenatu.,As equipas do clube não conseguem todas treinar sozinhas.,No todos los equipos pueden entrenar individualmente.,As equipas do clube não conseguem todas treinar sozinhas.,Les équipes du club ne peuvent pas toutes s'entraîner seules.,Le squadre del club non possono tutte allenarsi da sole.,The club’s teams cannot all train on their own.,Die Mannschaften des Vereins können nicht alle alleine trainieren.
tr_fit_solo_ready,Caben individualment. ,Banaka egokitzen dira.,Todos cabem sozinhos.,Caben individualmente. ,Todos cabem sozinhos.,Tout tient seul.,Tutti stanno da soli.,Everyone fits solo. ,Alle passen alleine.
tr_fit_solo_yes,Tots els equips poden entrenar individualment.,Talde guztiek bakarka entrena dezakete.,As equipas do clube podem treinar sozinhas.,Todos los equipos pueden entrenar individualmente.,As equipas do clube podem treinar sozinhas.,Les équipes du club peuvent s'entraîner seules.,Le squadre del club possono allenarsi da sole.,The club’s teams can train on their own.,Die Mannschaften des Vereins können alleine trainieren.
tr_fit_stats,{teams} equips · {demand} h d’entreno · {supply} h de pista disponibles.,{teams} taldeak · {demand} entrenamendu-orduak · {supply} pista-orduak eskuragarri.,{teams} equipas · {demand} h procura de treino · {supply} h de pista disponível.,{teams} equipos · {demand} h de entreno · {supply} h de pista disponibles.,{teams} equipas · {demand} h procura de treino · {supply} h de pista disponível.,{teams} équipes · {demand} h demandées d'entraînement · {supply} h de piste disponibles.,{teams} squadre · {demand} h richieste di allenamento · {supply} h di pista disponibili.,{teams} teams · {demand} h training demand · {supply} h rink time available.,{teams} Mannschaften · {demand} h Trainingsbedarf · {supply} h Eisbahnzeit verfügbar.
tr_fit_title,Capacitat,Edukiera,Capacidade,Capacidad,Capacidade,Capacité,Capacità,Capacity,Kapazität
tr_gen_series,Generar sèrie,Sortu Seriea,Gerar série,Generar serie,Gerar série,Générer série,Genera serie,Generate series,Serie generieren
tr_group_draft_heading,Borrador generat,Sortutako zirriborroa,Borrador generat,Borrador generado,Borrador generat,Borrador generat,Borrador generat,Borrador generat,Borrador generat
tr_group_from,Des de,Tik,Des de,Desde,Des de,Des de,Des de,Des de,Des de
tr_group_generate_draft,Generar borrador,Sortu zirriborroa,Generar borrador,Generar borrador,Generar borrador,Generar borrador,Generar borrador,Generar borrador,Generar borrador
tr_group_keep_originals,Mantenir entrenaments originals,Mantener entrenamientos originales,Mantenir entrenaments originals,Mantener entrenamientos originales,Mantenir entrenaments originals,Mantenir entrenaments originals,Mantenir entrenaments originals,Mantenir entrenaments originals,Mantenir entrenaments originals
tr_group_ok,Aplicar,Aplicar,Aplicar,Aplicar,Aplicar,Aplicar,Aplicar,Aplicar,Aplicar
tr_group_period,Període,Período,Període,Período,Període,Període,Període,Període,Període
tr_group_propose_title,Proposar entrenament conjunt,Proponer entrenamiento conjunto,Proposar entrenament conjunt,Proponer entrenamiento conjunto,Proposar entrenament conjunt,Proposar entrenament conjunt,Proposar entrenament conjunt,Proposar entrenament conjunt,Proposar entrenament conjunt
tr_group_time,Franja horària,Franja horaria,Franja horària,Franja horaria,Franja horària,Franja horària,Franja horària,Franja horària,Franja horària
tr_group_to,Fins a,Hasta,Fins a,Hasta,Fins a,Fins a,Fins a,Fins a,Fins a
tr_group_venue,Pista,Pista,Pista,Pista,Pista,Pista,Pista,Pista,Pista
tr_group_weekdays,Dies de la setmana,Días de la semana,Dies de la setmana,Días de la semana,Dies de la setmana,Dies de la setmana,Dies de la setmana,Dies de la setmana,Dies de la setmana
tr_groups_cancel_edit,Cancel·lar,Cancelar,Cancelar,Cancelar,Cancelar,Annuler,Annulla,Cancel,Abbrechen
tr_groups_create,Formar grup,Formar conjunto,Formar grupo,Formar conjunto,Formar grupo,Former un groupe,Forma gruppo,Form group,Gruppe bilden
tr_groups_create_error,Calen 2–12 equips lliures.,Hacen falta 2–3 equipos libres.,São precisas 2–3 equipas livres.,Hacen falta 2–3 equipos libres.,São precisas 2–3 equipas livres.,Il faut 2–3 équipes libres.,Servono 2–3 squadre libere.,Need 2–3 free teams.,2–3 freie Mannschaften nötig.
tr_groups_create_hint,2 a 12 equips = una unitat (entrenen junts la mateixa franja).,2 a 12 equipos = una unidad (entrenan juntos la misma franja).,Escolhe 2 ou 3 equipas livres = uma unidade.,2 a 12 equipos = una unidad (entrenan juntos la misma franja).,Escolhe 2 ou 3 equipas livres = uma unidade.,Choisis 2 ou 3 équipes libres = une unité.,Scegli 2 o 3 squadre libere = un'unità.,Pick 2 or 3 free teams = one unit.,Wähle 2 oder 3 freie Mannschaften = eine Einheit.
tr_groups_created_n,{n} entrenaments conjunts proposats.,{n} entrenamientos conjuntos propuestos.,Criados {n} grupos propostos.,{n} entrenamientos conjuntos propuestos.,Criados {n} grupos propostos.,{n} groupes proposés créés.,Creati {n} gruppi proposti.,Created {n} proposed groups.,{n} vorgeschlagene Gruppen erstellt.
tr_groups_delete,Esborrar,Borrar,Apagar,Borrar,Apagar,Supprimer,Elimina,Delete,Löschen
tr_groups_delete_confirm,Esborrar aquest entrenament conjunt?,¿Borrar este grupo?,Apagar este grupo?,¿Borrar este grupo?,Apagar este grupo?,Supprimer ce groupe ?,Eliminare questo gruppo?,Delete this group?,Diese Gruppe löschen?
tr_groups_deleted,Entrenament conjunt esborrat.,Grupo borrado.,Grupo apagado.,Grupo borrado.,Grupo apagado.,Groupe supprimé.,Gruppo eliminato.,Group deleted.,Gruppe gelöscht.
tr_groups_deleted_planning,Entrenament conjunt esborrat. Planning actualitzat (borrador).,Entrenamiento conjunto borrado. Planning actualizado (borrador).,Grupo apagado. Planeamento atualizado (rascunho).,Entrenamiento conjunto borrado. Planning actualizado (borrador).,Grupo apagado. Planeamento atualizado (rascunho).,Groupe supprimé. Planning mis à jour (brouillon).,Gruppo eliminato. Planning aggiornato (bozza).,Group deleted. Planning updated (draft).,Gruppe gelöscht. Planung aktualisiert (Entwurf).
tr_groups_edit,Modificar,Modificar,Editar,Modificar,Editar,Modifier,Modifica,Edit,Bearbeiten
tr_groups_edit_heading,Modificar entrenament conjunt,Modificar entrenamiento conjunto,Editar grupo,Modificar entrenamiento conjunto,Editar grupo,Modifier le groupe,Modifica gruppo,Edit group,Gruppe bearbeiten
tr_groups_edit_hint,Canvia equips o dies i desa.,Cambia equipos o días y guarda.,Muda as equipas ou os dias e guarda.,Cambia equipos o días y guarda.,Muda as equipas ou os dias e guarda.,Change les équipes ou les jours et enregistre.,Cambia le squadre o i giorni e salva.,Change teams or days and save.,Ändere Mannschaften oder Tage und speichere.
tr_groups_empty,Encara no hi ha entrenaments conjunts.,Aún no hay entrenamientos conjuntos.,Ainda sem grupos.,Aún no hay entrenamientos conjuntos.,Ainda sem grupos.,Encore aucun groupe.,Ancora nessun gruppo.,No groups yet.,Noch keine Gruppen.
tr_groups_form,Formar grup,Formar grup,Formar,Formar grup,Formar,Former,Forma,Form,Bilden
tr_groups_intro,"Un entrenament conjunt és una unitat que comparteix franja. El nom és la categoria (p. ex. Aleví); si n’hi ha més d’un de la mateixa, s’hi afegeix la lletra del grup (Aleví A, Aleví B). Els relevos són una altra cosa.","Un entrenamiento conjunto es una unidad que comparte franja. El nombre es la categoría (p. ej. Alevín); si hay más de uno de la misma, se añade la letra del grupo (Alevín A, Alevín B). Los relevos son otra cosa.","Um grupo é uma unidade que partilha um lugar. O nome é a categoria (p. ex. Aleví); se houver mais do que um igual, adiciona-se uma letra (Aleví A, Aleví B). Solapes são separados.","Un entrenamiento conjunto es una unidad que comparte franja. El nombre es la categoría (p. ej. Alevín); si hay más de uno de la misma, se añade la letra del grupo (Alevín A, Alevín B). Los relevos son otra cosa.","Um grupo é uma unidade que partilha um lugar. O nome é a categoria (p. ex. Aleví); se houver mais do que um igual, adiciona-se uma letra (Aleví A, Aleví B). Solapes são separados.","Un groupe est une unité qui partage une place. Le nom est la catégorie (p. ex. U13) ; s'il y en a plus d'un identique, on ajoute une lettre (U13 A, U13 B). Les relais sont séparés.","Un gruppo è un'unità che condivide un posto. Il nome è la categoria (p. es. U13); se ce n'è più di uno uguale, si aggiunge una lettera (U13 A, U13 B). Le staffette sono separate.","A group is a unit that shares a slot. The name is the category (e.g. Aleví); if there is more than one of the same, a group letter is added (Aleví A, Aleví B). Relays are separate.","Eine Gruppe ist eine Einheit, die einen Platz teilt. Der Name ist die Kategorie (z. B. Aleví); gibt es mehrere gleiche, wird ein Gruppenbuchstabe hinzugefügt (Aleví A, Aleví B). Staffeln sind getrennt."
tr_groups_link,Grups,Entrenamientos conjuntos,Grupos,Entrenamientos conjuntos,Grupos,Groupes,Gruppi,Groups,Gruppen
tr_groups_none_free,Tots ja són en un entrenament conjunt.,Todos ya están en un grupo.,Todas as equipas já estão num grupo.,Todos ya están en un grupo.,Todas as equipas já estão num grupo.,Toutes les équipes sont déjà dans un groupe.,Tutte le squadre sono già in un gruppo.,All teams are already in a group.,Alle Mannschaften sind bereits in einer Gruppe.
tr_groups_pick_teams,Equips,Equipos,Equipas,Equipos,Equipas,Équipes,Squadre,Teams,Mannschaften
tr_groups_planning_updated,Entrenament conjunt al planning (borrador; encara no és calendari).,Entrenamiento conjunto en el planning (borrador; aún no es calendario).,Grupo no planeamento (rascunho; ainda não no calendário).,Entrenamiento conjunto en el planning (borrador; aún no es calendario).,Grupo no planeamento (rascunho; ainda não no calendário).,Groupe dans le planning (brouillon ; pas encore au calendrier).,Gruppo nel planning (bozza; non ancora nel calendario).,Group on the planning (draft; not calendar yet).,Gruppe in der Planung (Entwurf; noch nicht im Kalender).
tr_groups_propose_btn,Proposar parelles,Proponer parejas,Propor pares,Proponer parejas,Propor pares,Proposer des paires,Proponi coppie,Propose pairs,Paare vorschlagen
tr_groups_save,Formar,Formar,Formar,Formar,Formar,Former,Forma,Form,Bilden
tr_groups_save_edit,Desar canvis,Guardar cambios,Guardar alterações,Guardar cambios,Guardar alterações,Enregistrer les modifications,Salva modifiche,Save changes,Änderungen speichern
tr_groups_title,Grups d'entrenament,Entrenamientos conjuntos,Grupos,Entrenamientos conjuntos,Grupos,Groupes,Gruppi,Groups,Gruppen
tr_groups_unit,unitat,unidad,unidade,unidad,unidade,unité,unità,unit,Einheit
tr_groups_unnamed,Entrenament conjunt,Grupo,Grupo,Grupo,Grupo,Groupe,Gruppo,Group,Gruppe
tr_groups_updated,Entrenament conjunt actualitzat.,Entrenamiento conjunto actualizado.,Grupo atualizado.,Entrenamiento conjunto actualizado.,Grupo atualizado.,Groupe mis à jour.,Gruppo aggiornato.,Group updated.,Gruppe aktualisiert.
tr_groups_weekdays,Dies,Días,Dias,Días,Dias,Jours,Giorni,Days,Tage
tr_hours_adjust_later,Després podràs canviar les hores per categoria o equip.,Después podrás cambiar las horas por categoría o equipo.,Podes alterar as horas por categoria ou equipa mais tarde.,Después podrás cambiar las horas por categoría o equipo.,Podes alterar as horas por categoria ou equipa mais tarde.,Tu pourras ajuster les heures par catégorie ou équipe plus tard.,Puoi regolare le ore per categoria o squadra più tardi.,You can change hours by category or team afterwards.,Du kannst die Stunden später nach Kategorie oder Mannschaft ändern.
tr_hours_adjust_link,Hores,Horas,Ajustar por equipa →,Horas,Ajustar por equipa →,Heures,Ore,Adjust per team →,Pro Mannschaft anpassen →
tr_hours_cancel,Cancel·lar,Cancelar,Cancelar,Cancelar,Cancelar,Annuler,Annulla,Cancel,Abbrechen
tr_hours_continue,Continuar,Continuar,Continuar,Continuar,Continuar,Continuer,Continua,Continue,Weiter
tr_hours_default_hint,"Pots fer servir decimals (p. ex. 4,5). Després podràs ajustar per equip.","Decimales ok (p. ej. 4,5).","Decimais permitidos (p. ex. 4,5). Podes afinar por equipa mais tarde.","Decimales ok (p. ej. 4,5).","Decimais permitidos (p. ex. 4,5). Podes afinar por equipa mais tarde.","Décimaux autorisés (p. ex. 4,5). Tu pourras affiner par équipe plus tard.","Decimali ammessi (p. es. 4,5). Puoi affinare per squadra più tardi.",Decimals allowed (e.g. 4.5). You can fine-tune per team later.,"Dezimalzahlen erlaubt (z. B. 4,5). Du kannst später pro Mannschaft feinabstimmen."
tr_hours_default_label,Hores / setmana (per defecte),Horas / semana (por defecto),Horas / semana (padrão),Horas / semana (por defecto),Horas / semana (padrão),Heures / semaine (par défaut),Ore / settimana (predefinito),Hours / week (default),Stunden / Woche (Standard)
tr_hours_default_ok,S’han assignat {hours} h/setmana per defecte a {n} equips.,Asignadas {hours} h/semana a {n} equipos.,Atribuídas {hours} h/semana por defeito a {n} equipas.,Asignadas {hours} h/semana a {n} equipos.,Atribuídas {hours} h/semana por defeito a {n} equipas.,{hours} h/semaine attribuées par défaut à {n} équipes.,Assegnate {hours} h/settimana predefinite a {n} squadre.,Assigned {hours} h/week by default to {n} teams.,Standardmäßig {hours} h/Woche für {n} Mannschaften zugewiesen.
tr_hours_edit_default_note,Els equips sense override usen aquest valor.,Sin override usan el defecto.,Equipas sem exceção usam este valor.,Sin override usan el defecto.,Equipas sem exceção usam este valor.,Les équipes sans exception utilisent cette valeur.,Le squadre senza eccezione usano questo valore.,Teams without an override use this value.,Mannschaften ohne individuelle Einstellung verwenden diesen Wert.
tr_hours_edit_intro,"Canvia el valor per defecte o marca un override per equip. Si marques «Per defecte», s’ignora el valor propi.",Cambia el defecto o un override por equipo.,"Altera o padrão ou define um valor por equipa. ""Usar padrão"" limpa a exceção.",Cambia el defecto o un override por equipo.,"Altera o padrão ou define um valor por equipa. ""Usar padrão"" limpa a exceção.","Change le par défaut ou définis une valeur par équipe. ""Utiliser le défaut"" supprime l'exception.","Cambia il predefinito o imposta un valore per squadra. ""Usa predefinito"" cancella l'eccezione.",Change the default or set a per-team override. “Use default” clears the override.,"Ändere den Standard oder lege eine pro Mannschaft fest. ""Standard verwenden"" hebt die individuelle Einstellung auf."
tr_hours_edit_title,Hores d’entrenament,Horas de entrenamiento,Horas de treino,Horas de entrenamiento,Horas de treino,Heures d'entraînement,Ore di allenamento,Training hours,Trainingseinheiten
tr_hours_invalid,Indica un nombre d’hores vàlid (0–40).,Horas no válidas (0–40).,Indica um número de horas válido (0–40).,Horas no válidas (0–40).,Indica um número de horas válido (0–40).,Indique un nombre d'heures valide (0–40).,Indica un numero di ore valido (0–40).,Enter a valid hours number (0–40).,Gib eine gültige Stundenzahl ein (0–40).
tr_hours_ok,OK,OK,OK,OK,OK,OK,OK,OK,OK
tr_hours_save,Desar hores,Guardar horas,Guardar horas,Guardar horas,Guardar horas,Enregistrer les heures,Salva ore,Save hours,Stunden speichern
tr_hours_saved,Hores desades.,Horas guardadas.,Horas guardadas.,Horas guardadas.,Horas guardadas.,Heures enregistrées.,Ore salvate.,Hours saved.,Stunden gespeichert.
tr_hours_setup_intro,Tens {n} equips. Quantes hores d’entrenament per setmana vols per defecte a cada equip?,Tienes {n} equipos. ¿Cuántas horas de entrenamiento por semana quieres por defecto?,Tens {n} equipas. Quantas horas de treino por semana queres por defeito em cada equipa?,Tienes {n} equipos. ¿Cuántas horas de entrenamiento por semana quieres por defecto?,Tens {n} equipas. Quantas horas de treino por semana queres por defeito em cada equipa?,Tu as {n} équipes. Combien d'heures d'entraînement par semaine veux-tu par défaut pour chaque équipe ?,Tens {n} equips. Quantes hores d’entrenament per setmana vols per defecte a cada equip?,Tens {n} equips. Quantes hores d’entrenament per setmana vols per defecte a cada equip?,Du hast {n} Mannschaften. Wie viele Trainingsstunden pro Woche willst du pro Mannschaft als Standard?
tr_hours_summary,Per defecte: {hours} h/setmana · {n} equips.,Por defecto: {hours} h/semana · {n} equipos.,Padrão: {hours} h/semana · {n} equipas.,Por defecto: {hours} h/semana · {n} equipos.,Padrão: {hours} h/semana · {n} equipas.,Par défaut : {hours} h/semaine · {n} équipes.,Predefinito: {hours} h/settimana · {n} squadre.,Default: {hours} h/week · {n} teams.,Standard: {hours} h/Woche · {n} Mannschaften.
tr_hours_teams_list,Equips d’aquesta temporada,Equipos,Equipas desta época,Equipos,Equipas desta época,Équipes de cette saison,Squadre di questa stagione,Teams this season,Mannschaften dieser Saison
tr_intro,"Configura, mira el planning i aplica.","Configura, mira el planning y aplica.","Configura horas, vê o plano, aplica.","Configura, mira el planning y aplica.","Configura horas, vê o plano, aplica.","Règle les heures, vois le planning, applique.","Imposta le ore, guarda il planning, applica.","Set hours, see the plan, apply.","Stunden festlegen, Plan ansehen, übernehmen."
tr_manual_added_draft,Excepció al borrador (encara no és calendari).,Excepción en el borrador (aún no es calendario).,Exceção adicionada ao rascunho (ainda não no calendário).,Excepción en el borrador (aún no es calendario).,Exceção adicionada ao rascunho (ainda não no calendário).,Exception ajoutée au brouillon (pas encore au calendrier).,Eccezione aggiunta alla bozza (non ancora nel calendario).,Exception added to draft (not on the calendar yet).,Ausnahme zum Entwurf hinzugefügt (noch nicht im Kalender).
tr_manual_heading,Sessió solta / Excepció,Sesión suelta / Excepción,Pontual / Exceção,Sesión suelta / Excepción,Pontual / Exceção,Ponctuel / Exception,Occasionale / Eccezione,One-off / Exception,Einmalig / Ausnahme
tr_manual_series_draft,Sèrie d’excepció al borrador: {n} sessions (encara no és calendari).,Serie de excepción en el borrador: {n} sesiones (aún no es calendario).,Série de exceções no rascunho: {n} sessões (ainda não no calendário).,Serie de excepción en el borrador: {n} sesiones (aún no es calendario).,Série de exceções no rascunho: {n} sessões (ainda não no calendário).,Série d'exceptions dans le brouillon : {n} sessions (pas encore au calendrier).,Serie di eccezioni nella bozza: {n} sessioni (non ancora nel calendario).,Exception series in draft: {n} sessions (not on the calendar yet).,Ausnahmeserie im Entwurf: {n} Einheiten (noch nicht im Kalender).
tr_manual_tag,excepció,excepción,exceção,excepción,exceção,exception,eccezione,exception,Ausnahme
tr_meta_fits,caben en solitari,caben en solitario,caber solo OK,caben en solitario,caber solo OK,tenir seul OK,stare da soli OK,solo fit OK,Solo passt OK
tr_meta_groups,entrenaments conjunts,entrenamientos conjuntos,grupos,entrenamientos conjuntos,grupos,groupes,gruppi,groups,Gruppen
tr_meta_need_groups,calen entrenaments conjunts per encabir,hacen falta entrenamientos conjuntos para encajar,grupos necessários para caber,hacen falta entrenamientos conjuntos para encajar,grupos necessários para caber,groupes nécessaires pour tenir,gruppi necessari per stare,groups needed to fit,"Gruppen nötig, damit es passt"
tr_meta_solapes,relevos,relevos,solapes,relevos,solapes,relais,staffette,relays,Staffeln
tr_meta_teams,equips,equipos,equipas,equipos,equipas,équipes,squadre,teams,Mannschaften
tr_no_teams,Encara no hi ha equips.,Aún no hay equipos.,Ainda sem equipas.,Aún no hay equipos.,Ainda sem equipas.,Aucune équipe pour l'instant.,Ancora nessuna squadra.,No teams yet.,Noch keine Mannschaften.
tr_notes,Notes,Notas,Notas,Notas,Notas,Notes,Note,Notes,Notizen
tr_notes_ph,opcional,opcional,opcional,opcional,opcional,optionnel,opzionale,optional,optional
tr_notes_series_ph,opcional,p. ej. horario de verano,p. ex. horário de verão,p. ej. horario de verano,p. ex. horário de verão,p. ex. horaire d'été,p. es. orario estivo,e.g. summer schedule,z. B. Sommerplan
tr_people_missing,Avís: {n} equips sense persones.,Aviso: {n} equipos sin personas asignadas. La planificación los usará cuando existan.,Aviso: {n} equipas sem pessoas atribuídas. O planeamento vai usá-las quando existirem.,Aviso: {n} equipos sin personas asignadas. La planificación los usará cuando existan.,Aviso: {n} equipas sem pessoas atribuídas. O planeamento vai usá-las quando existirem.,Avertissement : {n} équipes sans personnes attribuées. Le planning les utilisera quand elles existeront.,Attenzione: {n} squadre senza persone assegnate. Il planning le userà quando esisteranno.,Warning: {n} teams have no people assigned. Planning will use them once they exist.,"Warnung: {n} Mannschaften haben keine Personen zugewiesen. Die Planung wird sie verwenden, sobald sie existieren."
tr_plan_applied,Calendari actualitzat: {n} sessions. Pots desfer aquesta aplicació si cal.,Calendario actualizado: {n} sesiones. Puedes deshacer esta aplicación si hace falta.,Calendário atualizado: {n} sessões. Podes desfazer esta aplicação se precisares.,Calendario actualizado: {n} sesiones. Puedes deshacer esta aplicación si hace falta.,Calendário atualizado: {n} sessões. Podes desfazer esta aplicação se precisares.,Calendrier mis à jour : {n} sessions. Tu peux annuler cette application si besoin.,Calendario aggiornato: {n} sessioni. Puoi annullare questa applicazione se serve.,Calendar updated: {n} sessions. You can undo this apply if needed.,Kalender aktualisiert: {n} Einheiten. Du kannst diese Übernahme bei Bedarf rückgängig machen.
tr_plan_apply,Aplicar al calendari,Aplicar al calendario,Aplicar ao calendário,Aplicar al calendario,Aplicar ao calendário,Appliquer au calendrier,Applica al calendario,Apply to calendar,In den Kalender übernehmen
tr_plan_apply_confirm,ATENCIÓ: això aplicarà {n} sessions del borrador fins a la data indicada. Pots desfer-ho després amb «Desfer aplicació». Continuar?,ATENCIÓN: esto aplicará {n} sesiones del borrador hasta la fecha indicada. Luego puedes deshacerlo con «Deshacer aplicación». ¿Continuar?,"AVISO: isto atualiza o calendário oficial com {n} sessões. Podes desfazer mais tarde com ""Desfazer aplicação"". Continuar?",ATENCIÓN: esto aplicará {n} sesiones del borrador hasta la fecha indicada. Luego puedes deshacerlo con «Deshacer aplicación». ¿Continuar?,"AVISO: isto atualiza o calendário oficial com {n} sessões. Podes desfazer mais tarde com ""Desfazer aplicação"". Continuar?","ATTENTION : cela met à jour le calendrier officiel avec {n} sessions. Tu peux annuler plus tard avec ""Annuler l'application"". Continuer ?","ATTENZIONE: questo aggiorna il calendario ufficiale con {n} sessioni. Puoi annullare più tardi con ""Annulla applicazione"". Continuare?",WARNING: this updates the official calendar with {n} sessions. You can undo later with “Undo apply”. Continue?,"WARNUNG: Dies aktualisiert den offiziellen Kalender mit {n} Einheiten. Du kannst es später mit ""Übernahme rückgängig machen"" rückgängig machen. Fortfahren?"
tr_plan_apply_until,Aplicar fins a,Aplicar hasta,Aplicar até,Aplicar hasta,Aplicar até,Appliquer jusqu'à,Aplicar fins a,Aplicar fins a,Übernehmen bis
tr_plan_bad_dates,Dates no vàlides.,Fechas no válidas.,Intervalo de datas inválido.,Fechas no válidas.,Intervalo de datas inválido.,Plage de dates invalide.,Intervallo di date non valido.,Invalid date range.,Ungültiger Zeitraum.
tr_plan_chart_title,Planning,Planificación semanal,Planeamento semanal,Planificación semanal,Planeamento semanal,Planning hebdomadaire,Planning settimanale,Weekly planning,Wochenplanung
tr_plan_cleared,Eliminades {n} sessions confirmades.,Eliminadas {n} sesiones confirmadas.,Eliminades {n} sessions confirmades.,Eliminadas {n} sesiones confirmadas.,Eliminades {n} sessions confirmades.,Eliminades {n} sessions confirmades.,Eliminades {n} sessions confirmades.,Eliminades {n} sessions confirmades.,Eliminades {n} sessions confirmades.
tr_plan_discard,Descartar,Descartar,Descartar,Descartar,Descartar,Annuler,Scarta,Discard,Verwerfen
tr_plan_discard_confirm,Esborrar {n} sessions de borrador?,¿Borrar {n} sesiones de borrador?,Apagar as {n} sessões de rascunho?,¿Borrar {n} sesiones de borrador?,Apagar as {n} sessões de rascunho?,Supprimer les {n} sessions du brouillon ?,Eliminare le {n} sessioni della bozza?,Delete the {n} draft sessions?,Die {n} Entwurfseinheiten löschen?
tr_plan_discarded,Descartades {n} sessions.,Descartadas {n} sesiones.,Descartadas {n} sessões de rascunho.,Descartadas {n} sesiones.,Descartadas {n} sessões de rascunho.,{n} sessions de brouillon supprimées.,Eliminate {n} sessioni della bozza.,Discarded {n} draft sessions.,{n} Entwurfseinheiten verworfen.
tr_plan_draft_count,{n} sessions en borrador,{n} sesiones en borrador,{n} sessões de rascunho,{n} sesiones en borrador,{n} sessões de rascunho,{n} sessions de brouillon,{n} sessioni di bozza,{n} draft sessions,{n} Entwurfseinheiten
tr_plan_draft_not_calendar,no al calendari fins a aplicar,no aparecen en el calendario ni en conflictos hasta aplicar,não aparecem no calendário nem em conflitos até aplicares.,no aparecen en el calendario ni en conflictos hasta aplicar,não aparecem no calendário nem em conflitos até aplicares.,elles n'apparaissent pas au calendrier ni dans les conflits tant que tu n'appliques pas.,non appaiono nel calendario né nei conflitti finché non applichi.,they do not appear on the calendar or in conflicts until applied.,"sie erscheinen erst im Kalender oder in Konflikten, wenn du übernimmst."
tr_plan_flow_hint,Modificar = ajustar · Aplicar = calendari · Desfer aplicació = tornar enrere · Descartar = treure la prova,Modificar = ajustar · Aplicar = calendario · Deshacer aplicación = volver atrás · Descartar = quitar la prueba,Modificar = ajustar rascunho · Aplicar = calendário · Descartar = remover rascunho,Modificar = ajustar · Aplicar = calendario · Deshacer aplicación = volver atrás · Descartar = quitar la prueba,Modificar = ajustar rascunho · Aplicar = calendário · Descartar = remover rascunho,Modifier = ajuster le brouillon · Appliquer = calendrier · Annuler = supprimer le brouillon,Modifica = aggiusta bozza · Applica = calendario · Annulla = elimina bozza,Modify = adjust trial · Apply = calendar · Discard = remove trial,Ändern = Entwurf anpassen · Übernehmen = Kalender · Verwerfen = Entwurf entfernen
tr_plan_generate,Generar,Generar,Gerar,Generar,Gerar,Générer,Genera,Generate draft,Generieren
tr_plan_generated,Borrador: {n} sessions.,Borrador: {n} sesiones.,Rascunho criado: {n} sessões (substituídas {discarded} anteriores).,Borrador: {n} sesiones.,Rascunho criado: {n} sessões (substituídas {discarded} anteriores).,Brouillon créé : {n} sessions (remplacé {discarded} précédent).,Bozza creata: {n} sessioni (sostituite {discarded} precedenti).,Draft created: {n} sessions (replaced {discarded} previous).,Entwurf erstellt: {n} Einheiten ({discarded} vorherige ersetzt).
tr_plan_heading,Borrador,Borrador,Rascunho,Borrador,Rascunho,Brouillon,Bozza,Schedule draft,Entwurf
tr_plan_intro,"Dividim les hores setmanals (preferiblement 3 sessions: dilluns/dimecres/divendres), respectant pistes, finestres d'equip i partits a casa. El calendari no canvia fins que ho apliquis.","Dividimos las horas semanales (preferiblemente 3 sesiones: lunes/miércoles/viernes), respetando pistas, franjas del equipo y partidos en casa. El calendario no cambia hasta que lo apliques.","Dividimos as horas semanais (preferivelmente 3 sessões: segunda/quarta/sexta), respeitando pistas, janelas de equipa e jogos em casa. O calendário fica inalterado até aplicares.","Dividimos las horas semanales (preferiblemente 3 sesiones: lunes/miércoles/viernes), respetando pistas, franjas del equipo y partidos en casa. El calendario no cambia hasta que lo apliques.","Dividimos as horas semanais (preferivelmente 3 sessões: segunda/quarta/sexta), respeitando pistas, janelas de equipa e jogos em casa. O calendário fica inalterado até aplicares.","On divise les heures hebdomadaires (de préférence 3 sessions : lundi/mercredi/vendredi), en respectant les pistes, les fenêtres d'équipe et les matchs à domicile. Le calendrier reste inchangé jusqu'à ce que tu appliques.","Dividiamo le ore settimanali (preferibilmente 3 sessioni: lunedì/mercoledì/venerdì), rispettando piste, finestre di squadra e partite in casa. Il calendario resta invariato finché non applichi.","We split weekly hours (preferably 3 sessions: Mon/Wed/Fri), respecting venues, team windows and home matches. The calendar stays unchanged until you apply.","Wir teilen die wöchentlichen Stunden (am besten 3 Einheiten: Mo/Mi/Fr), wobei Eisbahnen, Mannschaftsfenster und Heimspiele respektiert werden. Der Kalender bleibt unverändert, bis du übernimmst."
tr_plan_modify,Modificar,Modificar,Modificar,Modificar,Modificar,Modifier,Modifica,Modify,Ändern
tr_plan_modify_hint,"Canvia hores, entrenaments conjunts, relevos o el període. El calendari oficial no es toca fins a aplicar.","Cambia horas, entrenamientos conjuntos, relevos o el periodo. El calendario oficial no se toca hasta aplicar.","Altera horas, grupos, solapes ou o intervalo de datas. O calendário oficial fica intocado até aplicares.","Cambia horas, entrenamientos conjuntos, relevos o el periodo. El calendario oficial no se toca hasta aplicar.","Altera horas, grupos, solapes ou o intervalo de datas. O calendário oficial fica intocado até aplicares.","Change les heures, les groupes, les relais ou la période. Le calendrier officiel reste intact jusqu'à ce que tu appliques.","Cambia ore, gruppi, staffette o il periodo. Il calendario ufficiale resta intatto finché non applichi.","Change hours, groups, relays or the date range. The official calendar stays untouched until you apply.","Ändere Stunden, Gruppen, Staffeln oder den Zeitraum. Der offizielle Kalender bleibt unberührt, bis du übernimmst."
tr_plan_none,No s’ha pogut generar cap sessió.,No se pudo generar ninguna sesión.,Não foi possível gerar nenhuma sessão. Verifica pistas e janelas de tempo.,No se pudo generar ninguna sesión.,Não foi possível gerar nenhuma sessão. Verifica pistas e janelas de tempo.,Impossible de placer aucune session. Vérifie les pistes et les fenêtres horaires.,Impossibile posizionare alcuna sessione. Controlla piste e finestre orarie.,Could not place any session. Check venues and time windows.,Es konnte keine Einheit platziert werden. Prüfe Eisbahnen und Zeitfenster.
tr_plan_refresh,Actualitzar borrador,Actualizar borrador,Atualizar rascunho,Actualizar borrador,Atualizar rascunho,Actualiser le brouillon,Aggiorna bozza,Refresh draft,Entwurf aktualisieren
tr_plan_replace_hint,Substitueix el borrador anterior.,Sustituye el borrador anterior.,"Se já existir um rascunho, é substituído.",Sustituye el borrador anterior.,"Se já existir um rascunho, é substituído.","Si un brouillon existe déjà, il est remplacé.","Se esiste già una bozza, viene sostituita.","If a draft already exists, it is replaced.","Wenn bereits ein Entwurf existiert, wird er ersetzt."
tr_plan_revert,Desfer aplicació,Deshacer aplicación,Desfazer aplicação,Deshacer aplicación,Desfazer aplicação,Annuler l'application,Annulla applicazione,Undo apply,Übernahme rückgängig machen
tr_plan_revert_confirm,Treure del calendari la darrera aplicació i tornar-la a borrador?,¿Quitar del calendario la última aplicación y devolverla a borrador?,Remover a última aplicação do calendário e voltar a colocá-la no rascunho?,¿Quitar del calendario la última aplicación y devolverla a borrador?,Remover a última aplicação do calendário e voltar a colocá-la no rascunho?,Retirer la dernière application du calendrier et la remettre dans le brouillon ?,Rimuovere l'ultima applicazione dal calendario e rimetterla nella bozza?,Remove the last apply from the calendar and move it back to draft?,Die letzte Übernahme aus dem Kalender entfernen und zurück in den Entwurf verschieben?
tr_plan_revert_none,No hi ha cap aplicació recent per desfer.,No hay ninguna aplicación reciente que deshacer.,Nenhuma aplicação recente para desfazer.,No hay ninguna aplicación reciente que deshacer.,Nenhuma aplicação recente para desfazer.,Aucune application récente à annuler.,Nessuna applicazione recente da annullare.,No recent apply to undo.,Keine kürzliche Übernahme zum Rückgängigmachen.
tr_plan_reverted,Desfet: {n} sessions tornen a borrador (fora del calendari).,Deshecho: {n} sesiones vuelven a borrador (fuera del calendario).,Desfeito: {n} sessões voltaram a ser rascunho (fora do calendário).,Deshecho: {n} sesiones vuelven a borrador (fuera del calendario).,Desfeito: {n} sessões voltaram a ser rascunho (fora do calendário).,Annulé : {n} sessions sont revenues en brouillon (hors calendrier).,Annullato: {n} sessioni sono tornate in bozza (fuori calendario).,Undone: {n} sessions are draft again (off the calendar).,Rückgängig gemacht: {n} Einheiten sind wieder Entwurf (nicht im Kalender).
tr_plan_sessions_list,Sessions del borrador,Sesiones del borrador,Sessões de rascunho,Sesiones del borrador,Sessões de rascunho,Sessions de brouillon,Sessioni di bozza,Draft sessions,Entwurfseinheiten
tr_plan_warn_bad_range,El període no és vàlid.,La fecha de fin debe ser posterior a la de inicio.,A data de fim deve ser posterior à data de início.,La fecha de fin debe ser posterior a la de inicio.,A data de fim deve ser posterior à data de início.,La date de fin doit être postérieure à la date de début.,La data di fine deve essere successiva a quella di inizio.,End date must be after start date.,Das Enddatum muss nach dem Startdatum liegen.
tr_plan_warn_group_incomplete,Grup incomplet el {date} («{group}»).,Grupo incompleto el {date} («{group}»).,Grupo incompleto em {date} («{group}»).,Grupo incompleto el {date} («{group}»).,Grupo incompleto em {date} («{group}»).,Groupe incomplet le {date} («{group}»).,Incomplete group on {date} («{group}»).,Incomplete group on {date} («{group}»).,Unvollständige Gruppe am {date} («{group}»).
tr_plan_warn_no_hours,{team}: sense hores.,{team}: sin horas configuradas.,{team}: sem horas configuradas.,{team}: sin horas configuradas.,{team}: sem horas configuradas.,{team} : aucune heure configurée.,{team}: nessuna ora configurata.,{team}: no hours configured.,{team}: keine Stunden konfiguriert.
tr_plan_warn_no_teams,No hi ha equips.,No hay equipos en esta temporada.,Não há equipas nesta época.,No hay equipos en esta temporada.,Não há equipas nesta época.,Aucune équipe dans cette saison.,Nessuna squadra in questa stagione.,No teams in this season.,Keine Mannschaften in dieser Saison.
tr_plan_warn_no_venues,No hi ha pistes.,No hay pistas en el club. Añade una antes de generar.,Não há pistas no clube. Adiciona uma antes de gerar.,No hay pistas en el club. Añade una antes de generar.,Não há pistas no clube. Adiciona uma antes de gerar.,Aucune piste dans le club. Ajoute-en une avant de générer.,Nessuna pista nel club. Aggiungine una prima di generare.,No venues in the club. Add one before generating.,"Keine Eisbahnen im Verein. Füge eine hinzu, bevor du generierst."
tr_plan_warn_people_missing,{n} equips sense persones.,{n} equipos sin personas: el borrador no comprueba solapamientos de plantilla.,{n} equipas sem pessoas: o rascunho não verifica sobreposições de plantel.,{n} equipos sin personas: el borrador no comprueba solapamientos de plantilla.,{n} equipas sem pessoas: o rascunho não verifica sobreposições de plantel.,{n} équipes sans personnes : le brouillon ne vérifie pas les chevauchements d'effectif.,{n} squadre senza persone: la bozza non controlla le sovrapposizioni di roster.,{n} teams have no people: draft does not check roster overlaps.,{n} Mannschaften ohne Personen: Der Entwurf prüft keine Kaderüberschneidungen.
tr_plan_warn_puzzle_impossible,Puzle impossible ({reason}).,Puzle imposible ({reason}).,Puzzle impossível ({reason}).,Puzle imposible ({reason}).,Puzzle impossível ({reason}).,Puzzle impossible ({reason}).,Puzzle impossibile ({reason}).,Puzzle impossible ({reason}).,Puzzle unmöglich ({reason}).
tr_plan_warn_puzzle_ok,Plantilla: {holes} franges · {solo} individuals · {shared} compartides.,Plantilla: {holes} franjas · {solo} individuales · {shared} compartidas.,Modelo: {holes} lugares · {solo} solo · {shared} partilhados.,Plantilla: {holes} franjas · {solo} individuales · {shared} compartidas.,Modelo: {holes} lugares · {solo} solo · {shared} partilhados.,Modèle : {holes} places · {solo} seul · {shared} partagé.,Modello: {holes} posti · {solo} da soli · {shared} condivisi.,Template: {holes} slots · {solo} solo · {shared} shared.,Vorlage: {holes} Plätze · {solo} Solo · {shared} geteilt.
tr_plan_warn_puzzle_shares,Franges compartides: {shared} · individuals: {solo}.,Franjas compartidas: {shared} · individuales: {solo}.,Lugares partilhados: {shared} · solo: {solo}.,Franjas compartidas: {shared} · individuales: {solo}.,Lugares partilhados: {shared} · solo: {solo}.,Places partagées : {shared} · seul : {solo}.,Posti condivisi: {shared} · da soli: {solo}.,Shared slots: {shared} · solo: {solo}.,Geteilte Plätze: {shared} · Solo: {solo}.
tr_plan_warn_session_count,{team}: {n} sessions.,{team}: repartido en {n} sesiones (no 3).,{team}: dividido em {n} sessões (não 3).,{team}: repartido en {n} sesiones (no 3).,{team}: dividido em {n} sessões (não 3).,{team} : divisé en {n} sessions (pas 3).,{team}: divisa in {n} sessioni (non 3).,{team}: split into {n} sessions (not 3).,{team}: auf {n} Einheiten verteilt (nicht 3).
tr_plan_warn_solape_displace,No hi ha franja lliure dins l’horari de pista per a {team} el {date} (releu).,No hay franja libre dentro del horario de pista para {team} el {date} (relevo).,Sem lugar livre dentro do horário da pista para {team} em {date} (solape).,No hay franja libre dentro del horario de pista para {team} el {date} (relevo).,Sem lugar livre dentro do horário da pista para {team} em {date} (solape).,Pas de place libre dans l'horaire de piste pour {team} le {date} (relais).,Nessun posto libero nell'orario pista per {team} il {date} (staffetta).,No free slot inside rink hours for {team} on {date} (relay).,Kein freier Platz innerhalb der Eisbahnzeiten für {team} am {date} (Staffel).
tr_plan_warn_solape_incomplete,Solape incomplet el {date} (falta «{side}» al puzle).,Solape incompleto el {date} (falta «{side}» en el puzle).,"Solape incompleto em {date} (falta ""{side}"" no puzzle).",Solape incompleto el {date} (falta «{side}» en el puzle).,"Solape incompleto em {date} (falta ""{side}"" no puzzle).","Relais incomplet le {date} (il manque ""{side}"" dans le puzzle).","Staffetta incompleta il {date} (manca ""{side}"" nel puzzle).",Incomplete relay on {date} (missing «{side}» in the puzzle).,Unvollständige Staffel am {date} („{side}“ fehlt im Puzzle).
tr_plan_warn_solape_unplaced,No s’ha pogut col·locar el releu «{label}» el {date}.,No se ha podido colocar el relevo «{label}» el {date}.,"Não foi possível colocar o solape ""{label}"" em {date}.",No se ha podido colocar el relevo «{label}» el {date}.,"Não foi possível colocar o solape ""{label}"" em {date}.","Impossible de placer le relais ""{label}"" le {date}.","Impossibile posizionare la staffetta ""{label}"" il {date}.",Could not place relay «{label}» on {date}.,"Staffel ""{label}"" konnte am {date} nicht platziert werden."
tr_plan_warn_solo_impossible,En solitari no caben: {demand} h demanades · {supply} h de pista. Borrador buit.,En solitario no caben: {demand} h pedidas · {supply} h de pista. Borrador vacío.,Sozinhos não cabem: {demand} h pedidas · {supply} h de pista. Rascunho vazio.,En solitario no caben: {demand} h pedidas · {supply} h de pista. Borrador vacío.,Sozinhos não cabem: {demand} h pedidas · {supply} h de pista. Rascunho vazio.,"Seuls, ils ne tiennent pas : {demand} h demandées · {supply} h de piste. Brouillon vide.",En solitari no caben: {demand} h demanades · {supply} h de pista. Borrador buit.,En solitari no caben: {demand} h demanades · {supply} h de pista. Borrador buit.,Im Alleingang passen sie nicht: {demand} h benötigt · {supply} h Eisbahn. Leerer Entwurf.
tr_plan_warn_unit_short,Unitat «{label}»: calien {need}′ i només s’han col·locat {got}′.,Unidad «{label}»: hacían falta {need}′ y solo se han colocado {got}′.,"Unidade ""{label}"": eram precisos {need}′ e só foram colocados {got}′.",Unidad «{label}»: hacían falta {need}′ y solo se han colocado {got}′.,"Unidade ""{label}"": eram precisos {need}′ e só foram colocados {got}′.","Unité ""{label}"" : il fallait {need}′ et seulement {got}′ ont été placés.",Unitat «{label}»: calien {need}′ i només s’han col·locat {got}′.,Unitat «{label}»: calien {need}′ i només s’han col·locat {got}′.,"Einheit ""{label}"": {need}′ nötig, aber nur {got}′ platziert."
tr_plan_warn_unplaced,No cap {team} el {date} ({mins} min).,No se ha podido colocar a {team} el {date} ({mins} min).,Não foi possível colocar {team} em {date} ({mins} min).,No se ha podido colocar a {team} el {date} ({mins} min).,Não foi possível colocar {team} em {date} ({mins} min).,Impossible de placer {team} le {date} ({mins} min).,Impossibile posizionare {team} il {date} ({mins} min).,Could not place {team} on {date} ({mins} min).,Konnte {team} am {date} nicht platzieren ({mins} min).
tr_plan_warn_unplaced_more,…i {n} més sense espai.,…y {n} más sin espacio.,…e {n} mais colocações sem espaço.,…y {n} más sin espacio.,…e {n} mais colocações sem espaço.,…et {n} autres placements sans espace.,…e altri {n} posizionamenti senza spazio.,…and {n} more placements without space.,…und {n} weitere Platzierungen ohne Platz.
tr_plan_warn_using_groups,{n} entrenaments conjunts aplicats.,{n} entrenamientos conjuntos aplicados.,Aplicados {n} grupos.,{n} entrenamientos conjuntos aplicados.,Aplicados {n} grupos.,{n} groupes appliqués.,{n} gruppi applicati.,Applied {n} groups.,{n} Gruppen angewendet.
tr_plan_warn_using_solapes,{n} dies amb relevo al borrador.,{n} días con relevo en el borrador.,{n} dias de solape no rascunho.,{n} días con relevo en el borrador.,{n} dias de solape no rascunho.,{n} jours de relais dans le brouillon.,{n} giorni di staffetta nella bozza.,{n} relay days on the draft.,{n} Staffeltage im Entwurf.
tr_plan_warnings_title,Avisos,Avisos,Avisos do gerador,Avisos,Avisos do gerador,Avertissements du générateur,Avvisi del generatore,Generator warnings,Warnungen des Generators
tr_plan_week_next,Següent,Siguiente,Próxima semana,Siguiente,Próxima semana,Semaine suivante,Settimana successiva,Next week,Nächste Woche
tr_plan_week_prev,Anterior,Anterior,Semana anterior,Anterior,Semana anterior,Semaine précédente,Settimana precedente,Previous week,Vorherige Woche
tr_range_from,Des de,Desde,De,Desde,De,De,Da,From,Von
tr_range_to,Fins a,Hasta,Até,Hasta,Até,Jusqu'à,A,Until,Bis
tr_series_created,Sèrie: {n} sessions,Serie: {n} sesiones,Série criada: {n} sessões,Serie: {n} sesiones,Série criada: {n} sessões,Série créée : {n} sessions,Serie creata: {n} sessioni,Series created: {n} sessions,Serie erstellt: {n} Einheiten
tr_series_heading,Sèrie setmanal,Serie semanal,Série semanal,Serie semanal,Série semanal,Série hebdomadaire,Serie settimanale,Weekly series,Wochenserie
tr_series_list,Sèries,Series,Séries,Series,Séries,Séries,Serie,Series,Serien
tr_sessions_heading,Sessions al calendari,Sesiones en el calendario,Sessões,Sesiones en el calendario,Sessões,Sessions,Sessioni,Sessions,Einheiten
tr_share,Compartir pista,Compartir pista,Partilhar pista,Compartir pista,Partilhar pista,Partager la piste,Condividi pista,Share rink,Eisbahn teilen
tr_single_heading,Un de solt,Uno suelto,Pontual,Uno suelto,Pontual,Ponctuel,Occasionale,One-off,Einmalig
tr_solapes_cancel_edit,Cancel·lar,Cancelar,Cancelar,Cancelar,Cancelar,Annuler,Annulla,Cancel,Abbrechen
tr_solapes_create,Formar relevo,Formar relevo,Formar solape,Formar relevo,Formar solape,Former un relais,Forma staffetta,Form relay,Staffel bilden
tr_solapes_create_error,Calen dos participants diferents i minuts vàlids (0–60).,Hacen falta dos participantes distintos y minutos válidos (0–60).,São precisos dois participantes diferentes e minutos válidos (0–60).,Hacen falta dos participantes distintos y minutos válidos (0–60).,São precisos dois participantes diferentes e minutos válidos (0–60).,Il faut deux participants différents et des minutes valides (0–60).,Servono due partecipanti diversi e minuti validi (0–60).,Need two different participants and valid minutes (0–60).,Zwei verschiedene Teilnehmer und gültige Minuten (0–60) nötig.
tr_solapes_create_hint,Tria unitats del puzle: equips que entrenen sols i/o entrenaments conjunts (A → B).,Elige unidades del puzle: equipos que entrenan solos y/o entrenamientos conjuntos (A → B).,Escolhe unidades do puzzle: equipas solo e/ou grupos partilhados (A → B).,Elige unidades del puzle: equipos que entrenan solos y/o entrenamientos conjuntos (A → B).,Escolhe unidades do puzzle: equipas solo e/ou grupos partilhados (A → B).,Choisis des unités du puzzle : équipes seules et/ou groupes partagés (A → B).,Scegli unità del puzzle: squadre da sole e/o gruppi condivisi (A → B).,Pick puzzle units: solo teams and/or shared groups (A → B).,Wähle Puzzle-Einheiten: Solo-Mannschaften und/oder geteilte Gruppen (A → B).
tr_solapes_delete,Esborrar,Borrar,Apagar,Borrar,Apagar,Supprimer,Elimina,Delete,Löschen
tr_solapes_delete_confirm,Esborrar aquest relevo?,¿Borrar este relevo?,Apagar este solape?,¿Borrar este relevo?,Apagar este solape?,Supprimer ce relais ?,Eliminare questa staffetta?,Delete this relay?,Diese Staffel löschen?
tr_solapes_deleted_planning,Relevo esborrat. Planning actualitzat (borrador).,Relevo borrado. Planning actualizado (borrador).,Solape apagado. Planeamento atualizado (rascunho).,Relevo borrado. Planning actualizado (borrador).,Solape apagado. Planeamento atualizado (rascunho).,Relais supprimé. Planning mis à jour (brouillon).,Staffetta eliminata. Planning aggiornato (bozza).,Relay deleted. Planning updated (draft).,Staffel gelöscht. Planung aktualisiert (Entwurf).
tr_solapes_edit,Modificar,Modificar,Editar,Modificar,Editar,Modifier,Modifica,Edit,Bearbeiten
tr_solapes_edit_heading,Modificar relevo,Modificar relevo,Editar solape,Modificar relevo,Editar solape,Modifier le relais,Modifica staffetta,Edit relay,Staffel bearbeiten
tr_solapes_edit_hint,"Canvia participants, minuts o dies i desa.","Cambia participantes, minutos o días y guarda.","Muda os participantes, os minutos ou os dias e guarda.","Cambia participantes, minutos o días y guarda.","Muda os participantes, os minutos ou os dias e guarda.","Change les participants, les minutes ou les jours et enregistre.","Cambia i partecipanti, i minuti o i giorni e salva.","Change participants, minutes or days and save.","Ändere Teilnehmer, Minuten oder Tage und speichere."
tr_solapes_empty,Encara no hi ha relevos.,Aún no hay relevos.,Ainda sem solapes.,Aún no hay relevos.,Ainda sem solapes.,Encore aucun relais.,Ancora nessuna staffetta.,No relays yet.,Noch keine Staffeln.
tr_solapes_form,Formar,Formar,Formar,Formar,Formar,Former,Forma,Form,Bilden
tr_solapes_intro,Un relevo és un pas de testigo A→B a la mateixa pista. No és un entrenament conjunt: cada costat té la seva franja amb minuts de solapament (0 = un darrere l’altre).,Un relevo es un paso de testigo A→B en la misma pista. No es un entrenamiento conjunto: cada lado tiene su franja con minutos de solapamiento (0 = uno detrás de otro).,Um solape é A→B na mesma pista. Não é um grupo: cada lado tem o seu próprio lugar com minutos de sobreposição (0 = seguidos).,Un relevo es un paso de testigo A→B en la misma pista. No es un entrenamiento conjunto: cada lado tiene su franja con minutos de solapamiento (0 = uno detrás de otro).,Um solape é A→B na mesma pista. Não é um grupo: cada lado tem o seu próprio lugar com minutos de sobreposição (0 = seguidos).,Un relais est A→B sur la même piste. Ce n'est pas un groupe : chaque côté a sa propre place avec des minutes de chevauchement (0 = consécutifs).,Una staffetta è A→B sulla stessa pista. Non è un gruppo: ogni lato ha il proprio posto con minuti di sovrapposizione (0 = consecutivi).,A relay is A→B on the same rink. Not a group: each side has its own slot with overlap minutes (0 = back-to-back).,Eine Staffel ist A→B auf derselben Eisbahn. Keine Gruppe: Jede Seite hat ihren eigenen Platz mit Überlappungsminuten (0 = direkt im Anschluss).
tr_solapes_link,Relevos,Relevos,Solapes,Relevos,Solapes,Relais,Staffette,Relays,Staffeln
tr_solapes_overlap,Solapament,Solapamiento,Sobreposição,Solapamiento,Sobreposição,Chevauchement,Sovrapposizione,Overlap,Überlappung
tr_solapes_overlap_0,"0′ (sense solapament, un darrere l’altre)","0′ (sin solapamiento, uno detrás de otro)","0′ (sem sobreposição, seguidos)","0′ (sin solapamiento, uno detrás de otro)","0′ (sem sobreposição, seguidos)","0′ (pas de chevauchement, consécutifs)","0′ (nessuna sovrapposizione, consecutivi)","0′ (no overlap, back-to-back)","0′ (keine Überlappung, direkt im Anschluss)"
tr_solapes_planning_updated,Relevo al planning (borrador; encara no és calendari).,Relevo en el planning (borrador; aún no es calendario).,Solape no planeamento (rascunho; ainda não no calendário).,Relevo en el planning (borrador; aún no es calendario).,Solape no planeamento (rascunho; ainda não no calendário).,Relais dans le planning (brouillon ; pas encore au calendrier).,Staffetta nel planning (bozza; non ancora nel calendario).,Relay on the planning (draft; not calendar yet).,Staffel in der Planung (Entwurf; noch nicht im Kalender).
tr_solapes_save_edit,Desar canvis,Guardar cambios,Guardar alterações,Guardar cambios,Guardar alterações,Enregistrer les modifications,Salva modifiche,Save changes,Änderungen speichern
tr_solapes_side_a,Primer (A),Primero (A),Primeiro (A),Primero (A),Primeiro (A),Premier (A),Primo (A),First (A),Erste (A)
tr_solapes_side_b,Després (B),Después (B),Seguinte (B),Después (B),Seguinte (B),Suivant (B),Successivo (B),Next (B),Nächste (B)
tr_solapes_title,Relevos,Relevos,Solapes,Relevos,Solapes,Relais,Staffette,Relays,Staffeln
tr_solapes_weekdays,Dies,Días,Dias,Días,Dias,Jours,Giorni,Days,Tage
tr_team_list_intro,Horari de la setmana per equip (els entrenaments conjunts es desglossen). El patró es repeteix cada setmana.,Horario de la semana por equipo (los entrenamientos conjuntos se desglosan). El patrón se repite cada semana.,Horário semanal por equipa (os grupos são detalhados). O padrão repete-se todas as semanas.,Horario de la semana por equipo (los entrenamientos conjuntos se desglosan). El patrón se repite cada semana.,Horário semanal por equipa (os grupos são detalhados). O padrão repete-se todas as semanas.,Planning hebdomadaire par équipe (les groupes sont détaillés). Le motif se répète chaque semaine.,Orario settimanale per squadra (i gruppi sono dettagliati). Il modello si ripete ogni settimana.,Weekly schedule by team (groups are broken down). The pattern repeats each week.,Wochenplan pro Mannschaft (Gruppen werden aufgelöst). Das Muster wiederholt sich wöchentlich.
tr_team_list_shared,compartit amb {partners},compartido con {partners},partilhado com {partners},compartido con {partners},partilhado com {partners},partagé avec {partners},condivisa con {partners},shared with {partners},geteilt mit {partners}
tr_team_list_solape,releu,releu,solape,releu,solape,relais,staffetta,relay,Staffel
tr_team_list_solo,individual,individual,individual,individual,individual,seul,da sola,solo,einzeln
tr_team_list_title,Llistat d’equips,Listado de equipos,Lista de equipas,Listado de equipos,Lista de equipas,Liste des équipes,Elenco squadre,Team list,Mannschaftsliste
tr_title,Entrenament,Entrenamiento,Treinos,Entrenamiento,Treinos,Entraînements,Allenamenti,Trainings,Training
tr_use_default,Usar defecte,Usar defecto,Usar padrão,Usar defecto,Usar padrão,Utiliser le défaut,Usa predefinito,Use default,Standard verwenden
trainings_merge_apply_btn,Aplicar aquesta proposta,Aplicar esta propuesta,Aplicar esta proposta,Aplicar esta propuesta,Aplicar esta proposta,Appliquer cette proposition,Applica questa proposta,Aplicar aquesta proposta,Diesen Vorschlag anwenden
trainings_merge_create,Crear grup conjunt,Crear grupo conjunto,Criar grupo conjunto,Crear grupo conjunto,Criar grupo conjunto,Créer un groupe conjoint,Crea gruppo congiunto,Crear grup conjunt,Gemeinsame Gruppe erstellen
trainings_merge_create_btn,Crear grup i planificar,Crear grupo y planificar,Criar grupo e planear,Crear grupo y planificar,Criar grupo e planear,Créer le groupe et planifier,Crea gruppo e pianifica,Crear grup i planificar,Gruppe erstellen und planen
trainings_merge_days,Dies de la setmana,Días de la semana,Dias da semana,Días de la semana,Dias da semana,Jours de la semaine,Giorni della settimana,Dies de la setmana,Wochentage
trainings_merge_hint,Pots crear un grup d’entrenament conjunt per a aquests dos equips.,Puedes crear un grupo de entrenamiento conjunto para estos dos equipos.,Podes criar um grupo de treino conjunto para estas duas equipas.,Puedes crear un grupo de entrenamiento conjunto para estos dos equipos.,Podes criar um grupo de treino conjunto para estas duas equipas.,Tu peux créer un groupe d'entraînement conjoint pour ces deux équipes.,Puoi creare un gruppo di allenamento congiunto per queste due squadre.,Pots crear un grup d’entrenament conjunt per a aquests dos equips.,Du kannst eine gemeinsame Trainingsgruppe für diese zwei Teams erstellen.
trainings_merge_manual_hint,O pots triar els dies i crear el grup manualment.,O puedes elegir los días y crear el grupo manualmente.,Ou podes escolher os dias e criar o grupo manualmente.,O puedes elegir los días y crear el grupo manualmente.,Ou podes escolher os dias e criar o grupo manualmente.,Ou tu peux choisir les jours et créer le groupe manuellement.,O puoi scegliere i giorni e creare il gruppo manualmente.,O pots triar els dies i crear el grup manualment.,Oder du wählst die Tage und erstellst die Gruppe manuell.
trainings_merge_next,Com vols continuar?,¿Cómo quieres continuar?,Como queres continuar?,¿Cómo quieres continuar?,Como queres continuar?,Comment veux-tu continuer ?,Come vuoi continuare?,Com vols continuar?,Wie willst du fortfahren?
trainings_merge_no_proposals,No hi ha propostes netes en les properes 3 setmanes. Pots crear el grup manualment.,No hay propuestas limpias en las próximas 3 semanas. Puedes crear el grupo manualmente.,Não há propostas limpas nas próximas 3 semanas. Podes criar o grupo manualmente.,No hay propuestas limpias en las próximas 3 semanas. Puedes crear el grupo manualmente.,Não há propostas limpas nas próximas 3 semanas. Podes criar o grupo manualmente.,Aucune proposition nette dans les 3 prochaines semaines. Tu peux créer le groupe manuellement.,Nessuna proposta pulita nelle prossime 3 settimane. Puoi creare il gruppo manualmente.,No hi ha propostes netes en les properes 3 setmanes. Pots crear el grup manualment.,Keine sauberen Vorschläge in den nächsten 3 Wochen. Du kannst die Gruppe manuell erstellen.
trainings_merge_proposals,Propostes sense conflicte,Propuestas sin conflicto,Propostas sem conflito,Propuestas sin conflicto,Propostas sem conflito,Propositions sans conflit,Proposte senza conflitto,Propostes sense conflicte,Vorschläge ohne Konflikt
trainings_merge_subtitle,Aquests dos entrenaments coincideixen i comparteixen jugadors.,Estos dos entrenamientos coinciden y comparten jugadores.,Estes dois treinos coincidem e partilham jogadores.,Estos dos entrenamientos coinciden y comparten jugadores.,Estes dois treinos coincidem e partilham jogadores.,Ces deux entraînements coïncident et partagent des joueurs.,Questi due allenamenti coincidono e condividono giocatori.,Aquests dos entrenaments coincideixen i comparteixen jugadors.,Diese zwei Trainingseinheiten überschneiden sich und teilen Spieler.
trainings_merge_title,Entrenament conjunt,Entrenamiento conjunto,Treino conjunto,Entrenamiento conjunto,Treino conjunto,Entraînement conjoint,Allenamento congiunto,Entrenament conjunt,Gemeinsames Training
trainings_no_shared_people,No hi ha jugadors compartits.,No hay jugadores compartidos.,Não há jogadores partilhados.,No hay jugadores compartidos.,Não há jogadores partilhados.,Aucun joueur partagé.,Nessun giocatore condiviso.,No hi ha jugadors compartits.,Keine gemeinsamen Spieler.
trainings_shared_people,Jugadors que coincideixen,Jugadores que coinciden,Jogadores em comum,Jugadores que coinciden,Jogadores em comum,Joueurs en commun,Giocatori in comune,Jugadors que coincideixen,Gemeinsame Spieler
venue_exclusive,exclusiva,exclusiva,exclusiva,exclusiva,exclusiva,exclusif,esclusivo,exclusive,exklusiv
venue_no_slots,Sense franges definides,Sin franjas definidas,Sem franjas definidas,Sin franjas definidas,Sem franjas definidas,Aucun créneau défini,Nessuna fascia definita,No time slots defined,Keine Zeitfenster definiert
venue_shared,comparteix,comparte,partilha,comparte,partilha,partagée,condivisa,shared,geteilt
venues_add_extra_slot,Afegir franja extra (horari partit),Añadir franja extra (horario partido),Adicionar faixa extra (horário partido),Añadir franja extra (horario partido),Adicionar faixa extra (horário partido),Ajouter un créneau extra (horaire coupé),Aggiungi fascia extra (orario spezzato),Add extra slot (split hours),Extra-Zeitfenster (geteilte Zeiten)
venues_add_slot,Afegir franja,Añadir franja,Adicionar faixa,Añadir franja,Adicionar faixa,Ajouter un créneau,Aggiungi fascia,Add time slot,Zeitfenster hinzufügen
venues_click_edit,Clica per editar,Clic para editar,Clica para editar,Clic para editar,Clica para editar,Cliquer pour modifier,Clic per modificare,Click to edit,Zum Bearbeiten klicken
venues_close,Tancar,Cerrar,Fechar,Cerrar,Fechar,Fermer,Chiudi,Close,Schließen
venues_copy_apply,Aplicar,Aplicar,Aplicar,Aplicar,Aplicar,Aplicar,Aplicar,Aplicar,Aplicar
venues_copy_from,Aplicar franja de,Aplicar franja de,Aplicar franja de,Aplicar franja de,Aplicar franja de,Aplicar franja de,Aplicar franja de,Aplicar franja de,Aplicar franja de
venues_copy_to,als dies,a los días,als dies,a los días,als dies,als dies,als dies,als dies,als dies
venues_delete,Eliminar pista,Eliminar pista,Eliminar pista,Eliminar pista,Eliminar pista,Supprimer la piste,Elimina pista,Delete rink,Piste löschen
venues_delete_confirm,Eliminar aquesta pista? Els partits i entrenaments quedaran sense pista.,¿Eliminar esta pista? Los partidos y entrenos quedarán sin pista.,Eliminar esta pista? Os jogos e treinos ficarão sem pista.,¿Eliminar esta pista? Los partidos y entrenos quedarán sin pista.,Eliminar esta pista? Os jogos e treinos ficarão sem pista.,Supprimer cette piste ? Les matchs et entraînements n'auront plus de piste.,Eliminare questa pista? Partite e allenamenti resteranno senza pista.,Delete this rink? Games and practices will have no rink.,Diese Piste löschen? Spiele und Training haben dann keine Piste mehr.
venues_edit_hint,Clica un horari o el nom per canviar-lo; es desa tot sol.,Haz clic en un horario o en el nombre para cambiarlo; se guarda solo.,Clica num horário ou no nome para alterar; guarda sozinho.,Haz clic en un horario o en el nombre para cambiarlo; se guarda solo.,Clica num horário ou no nome para alterar; guarda sozinho.,Cliquez sur un horaire ou le nom pour le modifier ; enregistrement automatique.,Clicca su un orario o sul nome per modificarlo; si salva da solo.,Click a time or the name to change it; it saves on its own.,Klicke auf eine Zeit oder den Namen zum Ändern; speichert automatisch.
venues_edit_schedule,Modificar horari,Modificar horario,Alterar horário,Modificar horario,Alterar horário,Modifier l'horaire,Modifica orario,Edit schedule,Zeiten bearbeiten
venues_empty,No hi ha pistes.,No hay pistas.,Não há pistas.,No hay pistas.,Não há pistas.,Aucune piste.,Nessuna pista.,No rinks yet.,Keine Pisten.
venues_intro,Cada pista té la seva disponibilitat.,Cada pista tiene su propia disponibilidad.,Cada pista tem a sua disponibilidade.,Cada pista tiene su propia disponibilidad.,Cada pista tem a sua disponibilidade.,Chaque piste a ses propres disponibilités.,Ogni pista ha la propria disponibilità.,Each rink has its own availability.,Jede Piste hat ihre eigene Verfügbarkeit.
venues_need_hours,Cal indicar almenys un dia amb horari per crear la pista.,Hay que indicar al menos un día con horario para crear la pista.,É preciso indicar pelo menos um dia com horário para criar a pista.,Hay que indicar al menos un día con horario para crear la pista.,É preciso indicar pelo menos um dia com horário para criar a pista.,Il faut indiquer au moins un jour avec horaire pour créer la piste.,Serve almeno un giorno con orario per creare la pista.,You must set at least one day with hours to create the rink.,"Mindestens ein Tag mit Zeitangabe ist nötig, um die Piste anzulegen."
venues_new_slots,Horaris inicials,Horarios iniciales,Horários iniciais,Horarios iniciales,Horários iniciais,Horaires initiaux,Orari iniziali,Initial hours,Anfangszeiten
venues_remove_slot,Treure,Quitar,Remover,Quitar,Remover,Retirer,Rimuovi,Remove,Entfernen
venues_split_hint,"Per un segon tram el mateix dia (p. ex. matí i tarda), afegeix una franja extra.","Para un segundo tramo el mismo día (p. ej. mañana y tarde), añade una franja extra.","Para um segundo período no mesmo dia (ex. manhã e tarde), adiciona uma faixa extra.","Para un segundo tramo el mismo día (p. ej. mañana y tarde), añade una franja extra.","Para um segundo período no mesmo dia (ex. manhã e tarde), adiciona uma faixa extra.","Pour un second créneau le même jour (ex. matin et soir), ajoutez un créneau extra.","Per un secondo turno lo stesso giorno (es. mattina e sera), aggiungi una fascia extra.","For a second block the same day (e.g. morning and evening), add an extra slot.",Für einen zweiten Block am selben Tag (z. B. vormittags und abends) Extra-Zeitfenster hinzufügen.
venues_week_heading,Horari de la setmana (dilluns–diumenge),Horario de la semana (lunes–domingo),Horário da semana (segunda–domingo),Horario de la semana (lunes–domingo),Horário da semana (segunda–domingo),Horaire de la semaine (lundi–dimanche),Orario della settimana (lunedì–domenica),Weekly hours (Monday–Sunday),Wochenzeiten (Montag–Sonntag)
venues_week_hint,Marca els dies oberts i posa l'horari. No es salta el cap de setmana.,Marca los días abiertos y pon el horario. No se salta el fin de semana.,Marca os dias abertos e define o horário. Não se salta o fim de semana.,Marca los días abiertos y pon el horario. No se salta el fin de semana.,Marca os dias abertos e define o horário. Não se salta o fim de semana.,Cochez les jours ouverts et indiquez l'horaire. Le week-end n'est pas sauté.,Segna i giorni aperti e imposta l'orario. Il weekend non viene saltato.,Check open days and set hours. Weekend is not skipped.,Markiere offene Tage und setze die Zeiten. Wochenende wird nicht übersprungen.
venues_with_defaults,Afegir dilluns–diumenge 17:00–22:00,Añadir lunes–domingo 17:00–22:00,Adicionar segunda–domingo 17:00–22:00,Añadir lunes–domingo 17:00–22:00,Adicionar segunda–domingo 17:00–22:00,Ajouter lundi–dimanche 17:00–22:00,Aggiungi lunedì–domenica 17:00–22:00,Add Monday–Sunday 17:00–22:00,Montag–Sonntag 17:00–22:00 hinzufügen
wd_0,Dilluns,Lunes,Segunda-feira,Lunes,Segunda-feira,Lundi,Lunedì,Monday,Montag
wd_1,Dimarts,Martes,Terça-feira,Martes,Terça-feira,Mardi,Martedì,Tuesday,Dienstag
wd_2,Dimecres,Miércoles,Quarta-feira,Miércoles,Quarta-feira,Mercredi,Mercoledì,Wednesday,Mittwoch
wd_3,Dijous,Jueves,Quinta-feira,Jueves,Quinta-feira,Jeudi,Giovedì,Thursday,Donnerstag
wd_4,Divendres,Viernes,Sexta-feira,Viernes,Sexta-feira,Vendredi,Venerdì,Friday,Freitag
wd_5,Dissabte,Sábado,Sábado,Sábado,Sábado,Samedi,Sabato,Saturday,Samstag
wd_6,Diumenge,Domingo,Domingo,Domingo,Domingo,Dimanche,Domenica,Sunday,Sonntag
wd_s_0,DL,Lu,Seg,Lu,Seg,Lu,Lun,Mon,Mo
wd_s_1,DM,Ma,Ter,Ma,Ter,Ma,Mar,Tue,Di
wd_s_2,DX,Mi,Qua,Mi,Qua,Me,Mer,Wed,Mi
wd_s_3,DJ,Ju,Qui,Ju,Qui,Je,Gio,Thu,Do
wd_s_4,DV,Vi,Sex,Vi,Sex,Ve,Ven,Fri,Fr
wd_s_5,DS,Sá,Sáb,Sá,Sáb,Sa,Sab,Sat,Sa
wd_s_6,DG,Do,Dom,Do,Dom,Di,Dom,Sun,So
welcome_fallback,"Si la federació encara no té dades públiques, comença manualment i vincula més tard.","Si la federación aún no tiene datos públicos, comienza manualmente y vincula más tarde.","Si la federació encara no té dades públiques, comença manualment i vincula més tard.","Si la federación aún no tiene datos públicos, comienza manualmente y vincula más tarde.","Si la federació encara no té dades públiques, comença manualment i vincula més tard.","Si la federació encara no té dades públiques, comença manualment i vincula més tard.","Si la federació encara no té dades públiques, comença manualment i vincula més tard.","Si la federació encara no té dades públiques, comença manualment i vincula més tard.","Si la federació encara no té dades públiques, comença manualment i vincula més tard."
welcome_import_button,Importar de federació,Importar de federación,Importar de federació,Importar de federación,Importar de federació,Importar de federació,Importar de federació,Importar de federació,Importar de federació
welcome_import_note,Aquest pas només importa equips i partits. Pistest encara caldrà configurar persones i entrenaments.,"Este paso solo importa equipos y partidos. Luego tendrás que configurar pistas, personas y entrenamientos.",Aquest pas només importa equips i partits. Pistest encara caldrà configurar persones i entrenaments.,"Este paso solo importa equipos y partidos. Luego tendrás que configurar pistas, personas y entrenamientos.",Aquest pas només importa equips i partits. Pistest encara caldrà configurar persones i entrenaments.,Aquest pas només importa equips i partits. Pistest encara caldrà configurar persones i entrenaments.,Aquest pas només importa equips i partits. Pistest encara caldrà configurar persones i entrenaments.,Aquest pas només importa equips i partits. Pistest encara caldrà configurar persones i entrenaments.,Aquest pas només importa equips i partits. Pistest encara caldrà configurar persones i entrenaments.
welcome_import_text,Ja tens els equips inscrits a RFEP o FECAPA i els partits oficials estan publicats? Importa'ls directament.,¿Ya tienes los equipos inscritos en RFEP o FECAPA y los partidos oficiales publicados? Impórtalos directamente.,Ja tens els equips inscrits a RFEP o FECAPA i els partits oficials estan publicats? Importa'ls directament.,¿Ya tienes los equipos inscritos en RFEP o FECAPA y los partidos oficiales publicados? Impórtalos directamente.,Ja tens els equips inscrits a RFEP o FECAPA i els partits oficials estan publicats? Importa'ls directament.,Ja tens els equips inscrits a RFEP o FECAPA i els partits oficials estan publicats? Importa'ls directament.,Ja tens els equips inscrits a RFEP o FECAPA i els partits oficials estan publicats? Importa'ls directament.,Ja tens els equips inscrits a RFEP o FECAPA i els partits oficials estan publicats? Importa'ls directament.,Ja tens els equips inscrits a RFEP o FECAPA i els partits oficials estan publicats? Importa'ls directament.
welcome_import_title,Importar de la federació,Importar de la federación,Importar de la federació,Importar de la federación,Importar de la federació,Importar de la federació,Importar de la federació,Importar de la federació,Importar de la federació
welcome_manual_button,Crear manualment,Crear manualmente,Crear manualment,Crear manualmente,Crear manualment,Crear manualment,Crear manualment,Crear manualment,Crear manualment
welcome_manual_note,"Si més endavant vols importar partits oficials, podràs vincular els equips creats a RFEP/FECAPA.","Si más adelante quieres importar partidos oficiales, podrás vincular los equipos creados a RFEP/FECAPA.","Si més endavant vols importar partits oficials, podràs vincular els equips creats a RFEP/FECAPA.","Si más adelante quieres importar partidos oficiales, podrás vincular los equipos creados a RFEP/FECAPA.","Si més endavant vols importar partits oficials, podràs vincular els equips creats a RFEP/FECAPA.","Si més endavant vols importar partits oficials, podràs vincular els equips creats a RFEP/FECAPA.","Si més endavant vols importar partits oficials, podràs vincular els equips creats a RFEP/FECAPA.","Si més endavant vols importar partits oficials, podràs vincular els equips creats a RFEP/FECAPA.","Si més endavant vols importar partits oficials, podràs vincular els equips creats a RFEP/FECAPA."
welcome_manual_text,"Crea els equips, entrenaments i partits manualment, sense dependre de la federació.","Crea los equipos, entrenamientos y partidos manualmente, sin depender de la federación.","Crea els equips, entrenaments i partits manualment, sense dependre de la federació.","Crea los equipos, entrenamientos y partidos manualmente, sin depender de la federación.","Crea els equips, entrenaments i partits manualment, sense dependre de la federació.","Crea els equips, entrenaments i partits manualment, sense dependre de la federació.","Crea els equips, entrenaments i partits manualment, sense dependre de la federació.","Crea els equips, entrenaments i partits manualment, sense dependre de la federació.","Crea els equips, entrenaments i partits manualment, sense dependre de la federació."
welcome_manual_title,Començar manualment,Comenzar manualmente,Començar manualment,Comenzar manualmente,Començar manualment,Començar manualment,Començar manualment,Començar manualment,Començar manualment
welcome_step_people,Persones,Personas,Persones,Personas,Persones,Persones,Persones,Persones,Persones
welcome_step_teams,Equips i partits,Equipos y partidos,Equips i partits,Equipos y partidos,Equips i partits,Equips i partits,Equips i partits,Equips i partits,Equips i partits
welcome_step_trainings,Entrenaments,Entrenamientos,Entrenaments,Entrenamientos,Entrenaments,Entrenaments,Entrenaments,Entrenaments,Entrenaments
welcome_step_venues,Pistes,Pistas,Pistes,Pistas,Pistes,Pistes,Pistes,Pistes,Pistes
welcome_steps,Passos comuns,Pasos comunes,Passos comuns,Pasos comunes,Passos comuns,Passos comuns,Passos comuns,Passos comuns,Passos comuns
welcome_subtitle,"Abans de començar, tria com vols configurar el club.","Antes de empezar, elige cómo quieres configurar el club.","Abans de començar, tria com vols configurar el club.","Antes de empezar, elige cómo quieres configurar el club.","Abans de començar, tria com vols configurar el club.","Abans de començar, tria com vols configurar el club.","Abans de començar, tria com vols configurar el club.","Abans de començar, tria com vols configurar el club.","Abans de començar, tria com vols configurar el club."
welcome_title,Benvingut a AtempoSports,Bienvenido a AtempoSports,Benvingut a AtempoSports,Bienvenido a AtempoSports,Benvingut a AtempoSports,Benvingut a AtempoSports,Benvingut a AtempoSports,Benvingut a AtempoSports,Benvingut a AtempoSports
